TEAM,GP,W,L,MIN,"%FGA
2PT","%FGA
3PT","%PTS
2PT","%PTS
2PT- MR","%PTS
3PT","%PTS
FBPs","%PTS
FT","%PTS
OffTO","%PTS
PITP","2FGM
%AST","2FGM
%UAST","3FGM
%AST","3FGM
%UAST","FGM
%AST","FGM
%UAST","Opp
FGM","Opp
FGA","Opp
FG%","Opp
3PM","Opp
3PA","Opp
3P%","Opp
FTM","Opp
FTA","Opp
FT%","Opp
OREB","Opp
DREB","Opp
REB","Opp
AST","Opp
TOV","Opp
STL","Opp
BLK","Opp
BLKA","Opp
PF","Opp
PFD","Opp
PTS",DEF RTG,DREB,DREB%,STL,BLK,"OPP PTS
OFF TOV","OPP PTS
2ND CHANCE","OPP PTS
FB","OPP PTS
PAINT",Year
Atlanta Hawks,82,60,22,48.1,67.9,32.1,54.8,14.4,29.2,13,16,17.9,40.4,59.1,40.9,91.8,8.2,67.6,32.4,36.5,83.1,43.9,8.8,25.8,34.1,15.4,20.1,76.4,11.6,32.1,43.6,23.5,16.1,7.4,4.9,4.6,19.6,17.8,97.1,102.3,31.8,69.7,9.1,4.6,15.7,14.2,11.2,39.4,2014-2015
Boston Celtics,82,40,42,48.5,72,28,60.9,19.7,23.8,13.7,15.2,17.1,41.2,56.5,43.5,87.7,12.3,62.9,37.1,38.1,84.7,45,7.4,22,33.6,17.6,23.3,75.5,10.9,33.8,44.7,21.9,15.1,7.1,5.3,3.6,18.8,21.2,101.2,103.5,32.7,71,8.2,3.6,16.2,13.5,10.9,44.6,2014-2015
Brooklyn Nets,82,38,44,48.6,76,24,62.9,16.9,20.2,9.6,16.9,14.6,46,48.8,51.2,89.1,10.9,55.9,44.1,38.4,84.3,45.6,8.5,23.7,35.8,15.6,21.3,73.1,11.4,32.9,44.3,23.7,13.9,7.8,4.5,4.1,20,19.3,100.9,106.3,32,70.1,7,4.1,15.6,14,13.8,43.6,2014-2015
Charlotte Hornets,82,33,49,48.5,77.4,22.6,62.6,23.8,19.3,9.7,18.1,14.2,38.8,52.1,47.9,79.3,20.7,56.8,43.2,36.8,83.7,44,7.9,22.1,35.7,15.8,20.4,77.2,8.9,35.2,44.1,22.1,12.6,6.1,5.4,5.5,20.8,18.2,97.3,103,34.1,74.6,6.1,5.5,12.8,12.6,11,38.5,2014-2015
Chicago Bulls,82,50,32,48.5,73.1,26.9,57,16.3,23.4,10.9,19.6,13.6,40.7,52.5,47.5,84.2,15.8,59.3,40.7,37.7,86.7,43.5,6.6,19.6,33.5,15.7,21,74.9,11.7,31.7,43.4,20.2,12.2,7.5,5.4,5.8,21.2,18.2,97.8,103.3,34,70.9,6.3,5.8,15.3,13.2,13,40.8,2014-2015
Cleveland Cavaliers,82,53,29,48.2,66.6,33.4,53.5,13.8,29.3,11,17.2,15.5,39.7,50.9,49.1,80.3,19.7,58.7,41.3,38.1,83.5,45.6,7.7,22.5,34.3,14.8,19.9,74.5,10.8,30.3,41.1,24.1,13.3,7.8,4.5,4.1,20.5,18.4,98.7,105.3,31.9,71.1,7.4,4.1,16.2,12.4,11.8,42.7,2014-2015
Dallas Mavericks,82,50,32,48.5,70.4,29.6,58.5,17.9,25.5,15.2,16.1,18.3,40.6,48.2,51.8,85.9,14.1,56.7,43.3,38,84.5,45,9,24.8,36.4,17.3,22.9,75.3,12.3,33.9,46.1,22.3,16.3,7.3,3.8,4.5,22.1,20,102.3,104.9,31.8,68.1,8.1,4.5,15.2,14,15.9,40.9,2014-2015
Denver Nuggets,82,30,52,48.5,71.6,28.4,58.6,14.4,23.8,14.8,17.6,16.7,44.3,50.6,49.4,83.9,16.1,57.7,42.3,38.6,84.3,45.8,7.7,22.2,34.6,20.1,26.9,74.8,11,34.1,45.1,23.1,14.4,7.5,6.1,4.5,20.7,23,105,107.1,32.4,70,7.8,4.5,16.4,14.1,13.2,42.9,2014-2015
Detroit Pistons,82,32,50,48.4,71,29,57.9,12.5,26.1,13.6,16,16.1,45.4,51.2,48.8,81.5,18.5,58.2,41.8,37.9,83.1,45.6,7.7,21.8,35.5,16,20.7,77.2,10.7,33.4,44.1,23.8,14,7,4.8,4.7,19.3,19,99.5,105.4,32.1,71.2,7.6,4.7,15.8,13.5,11.3,43,2014-2015
Golden State Warriors,82,67,15,48.1,68.9,31.1,56.1,14.9,29.4,19,14.6,17.9,41.2,60.2,39.8,82.2,17.8,65.9,34.1,37,86.4,42.8,7.2,21.4,33.7,18.7,24.5,76.3,11.7,32.8,44.5,21,16.2,8.3,3.6,6,18.8,19.9,99.9,100.4,34.3,70.3,9.3,6,15.2,14.2,13.9,41.6,2014-2015
Houston Rockets,82,56,26,48.3,60.8,39.2,49.3,5.7,32.8,18,17.9,18.2,43.6,49.7,50.3,83.3,16.7,60,40,37.7,85.2,44.3,7.4,22.9,32.2,17.7,23.6,75.1,11.9,32,43.8,21.4,16.4,8.9,5.3,5,21.1,22,100.5,102.6,32,68.6,9.5,5,18.3,14,15.3,44.1,2014-2015
Indiana Pacers,82,38,44,48.4,74.5,25.5,59.8,21.7,23,9.8,17.2,14.6,38.1,51.6,48.4,85.8,14.2,58.6,41.4,36,82.7,43.5,7.2,20.9,34.5,17.9,23.8,75.3,9.8,33,42.7,19.9,12.7,7.5,4.7,4.6,21.4,21.2,97,102.7,34.4,73.5,6.2,4.6,15.5,11.8,13,38.3,2014-2015
Los Angeles Clippers,82,56,26,48.1,67.8,32.2,54.9,19.8,28.4,13.3,16.8,14.7,35.1,56.3,43.7,82.2,17.8,62.9,37.1,36.4,82.3,44.2,8.3,23.9,34.9,19,25.7,74.1,10.6,32.3,42.9,23.2,14.3,6.7,3,5,21.5,21.3,100.1,104.7,33.1,71.6,7.8,5,14.9,12.8,12.3,38.8,2014-2015
Los Angeles Lakers,82,21,61,48.6,78,22,62.5,21.8,19.8,12.4,17.8,14.7,40.7,52.7,47.3,72.7,27.3,56.2,43.8,38.8,83.1,46.6,8.5,23.4,36.3,19.2,25.8,74.5,10,34.1,44.2,24,13,7.5,4.8,4.5,19.4,21.2,105.3,109.4,32.3,72,7,4.5,15.9,12.5,15.1,45.1,2014-2015
Memphis Grizzlies,82,55,27,48.5,81.6,18.4,66.3,18.4,15.7,11.9,17.9,17.1,48,52.8,47.2,86.5,13.5,57.4,42.6,36,81.5,44.2,8.1,23,35.1,14.9,20.1,74.2,10.5,31.9,42.4,20.1,15.3,7.4,5.2,4.2,20.3,19.1,95.1,101.2,32.1,71.6,8.5,4.2,14.1,11.6,13.4,39,2014-2015
Miami Heat,82,37,45,48.1,73.8,26.2,60,18.2,21.5,10.4,18.5,16.9,41.8,48.2,51.8,90.6,9.4,56.4,43.6,36.1,79.5,45.4,8.1,23,35.3,17,23.2,73,10.9,30.1,41,21.3,14.8,7.9,4.4,4.5,20.9,20,97.3,106.1,30,68.7,7.8,4.5,16.9,13.3,11.4,41,2014-2015
Milwaukee Bucks,82,41,41,48.6,77.7,22.3,63.3,19.5,20.4,15.4,16.4,19.6,43.8,57.1,42.9,88.8,11.2,62.7,37.3,35.6,81.5,43.7,8.2,24.1,34.2,18,24.3,74.2,11.4,31.4,42.9,22.3,17.4,8.6,4.8,4.9,20.1,22.1,97.4,101.4,31.4,68.6,9.6,4.9,16.8,13.3,10.7,39.8,2014-2015
Minnesota Timberwolves,82,16,66,48.3,82.1,17.9,64.4,22.1,15.2,13.2,20.4,17.8,42.3,55.7,44.3,82.5,17.5,59.3,40.7,41.1,84.5,48.7,8.5,23.1,36.7,15.8,20.8,75.9,11.6,31.9,43.6,23.6,15.2,8.4,5.5,4,21.4,19.2,106.5,110.9,29.3,68.2,8.1,4,17.4,14.9,14.3,48,2014-2015
New Orleans Pelicans,82,45,37,48.2,76.7,23.3,61.9,16.6,21.6,10.8,16.5,14,45.3,51.3,48.7,87.5,12.5,58.1,41.9,37.9,83.1,45.6,6.5,19.6,33.5,16.2,21.4,75.9,10.6,30.9,41.5,20.7,12.2,6.8,5.8,6.2,18.7,18.7,98.6,106.3,32,71.2,6.7,6.2,14.8,12.9,13.7,46.5,2014-2015
New York Knicks,82,17,65,48.4,76,24,61.6,25.3,22.3,9.1,16.1,15.9,36.3,55,45,83.6,16.4,60.6,39.4,37,80.4,46,8.5,22.3,38,18.8,24.8,75.9,11,32.5,43.5,21.7,14.1,8,4.3,4.7,19.1,21.6,101.2,109,29.8,69.1,7,4.7,17.1,12.5,12.3,41.1,2014-2015
Oklahoma City Thunder,82,45,37,48.4,73.8,26.2,59.9,16.7,22.2,16.4,17.9,14.8,43.2,46.1,53.9,79.9,20.1,52.8,47.2,37.6,85.5,44,8.3,24.2,34.3,18.2,24.5,74.5,11.2,31.5,42.7,22.1,13.6,7.8,4.6,5.5,20.4,22.3,101.8,104.6,34.7,73,7.3,5.5,16.5,12.8,12.5,42.8,2014-2015
Orlando Magic,82,25,57,48.2,76.5,23.5,64.3,17.1,21.2,11.8,14.5,17.1,47.2,48,52,86.8,13.2,55,45,38,82,46.3,8.3,22.6,36.8,17.2,22.9,75.1,10.1,33.4,43.5,23.4,14.5,7.7,5.4,3.8,17.9,20.9,101.4,106.8,31.8,71.6,7.9,3.8,16.9,11.7,12.3,41,2014-2015
Philadelphia 76ers,82,18,64,48.3,68.1,31.9,55,10.6,27.5,16,17.5,18.7,44.4,52,48,87.4,12.6,60.9,39.1,37.1,82.7,44.9,8,22.9,35,18.7,24.7,75.6,11.5,34.8,46.3,23.7,16.8,9.5,5.5,5.9,20.2,21.7,101,103.9,30.9,68.6,9.6,5.9,20.6,14,14.6,41.7,2014-2015
Phoenix Suns,82,39,43,48.5,70.9,29.1,59.1,17.3,24.9,17.8,16,17.3,41.8,44.3,55.7,80.2,19.8,52.2,47.8,38.4,85,45.2,7.7,21.9,35.2,18.8,24.8,75.9,11.6,33.7,45.3,21.1,15.6,7.9,4.1,4.7,20.3,21.3,103.3,105.3,32.2,69.8,8.5,4.7,17.2,14.4,15.2,45.3,2014-2015
Portland Trail Blazers,82,51,31,48.4,68.4,31.6,56.2,19.3,28.7,9.8,15.1,13.7,36.8,49.5,50.5,77.6,22.4,56.7,43.3,38.2,86.9,43.9,6.4,18.9,33.8,15.8,20.9,75.8,11,33.6,44.6,20.4,12.2,8,3.6,4.5,18.7,18.2,98.6,102.8,35.1,72.8,6.4,4.5,15.1,13.8,13.3,43.1,2014-2015
Sacramento Kings,82,29,53,48.4,79.6,20.4,61.3,16.8,16.6,14.7,22,15.1,44.5,50.3,49.7,83.7,16.3,55.4,44.6,39.5,86.5,45.6,8.8,25.1,34.9,17.3,23.1,74.8,11,30.2,41.2,23.3,12.9,8.7,6.2,4,23.9,20.7,105,108.2,33.3,71.5,6.7,4,18.6,13.6,16.8,43.9,2014-2015
San Antonio Spurs,82,55,27,48.7,73.1,26.9,59.8,16.2,24,10.6,16.2,15.6,43.6,54.4,45.6,92,8,62.3,37.7,37.1,83.7,44.4,6.8,18.9,36,15.9,21.4,74.5,9.9,32.2,42.1,20.7,14.2,7.9,4.4,5.4,19.7,19.1,97,101.4,33.8,73,8,5.4,15.1,11.9,14.1,42.5,2014-2015
Toronto Raptors,82,49,33,48.4,69.8,30.2,55.9,14.5,25.5,11.5,18.6,15.7,41.3,47.6,52.4,78.2,21.8,54.7,45.3,38,82.8,45.9,7.7,22.3,34.6,17.2,23.5,73.3,11.2,31.2,42.5,22.8,14.4,6.9,5,4.4,20.3,20.9,100.9,107.1,30.8,68.9,7.5,4.4,15,14.1,12.4,43.7,2014-2015
Utah Jazz,82,38,44,48.1,72.6,27.4,58.7,15,23.5,12.8,17.8,16,43.7,47.3,52.7,90,10,56.3,43.7,35.8,80.3,44.6,7.4,20.4,36.2,16,21.5,74.4,9.9,29.3,39.2,19.4,13.1,8.2,4.7,6,19.6,19.3,94.9,104.1,31.9,71.5,7.6,6,17.4,12.5,12.6,39.5,2014-2015
Washington Wizards,82,46,36,48.7,79.7,20.3,65.4,23.3,18.5,15.7,16.2,15.4,42.1,57.8,42.2,89.1,10.9,62.7,37.3,36.2,83.5,43.3,8,23,34.9,17.5,23.7,73.8,10,31.7,41.7,19.9,14,8,4.3,4.6,19.6,20.8,97.8,102.4,34.2,72.6,7.3,4.6,16.3,12.6,11.7,38.3,2014-2015
Atlanta Hawks,82,48,34,48.4,66.4,33.6,55.8,13.6,29,14.3,15.2,18,42.2,58.2,41.8,89.6,10.4,66.3,33.7,37.1,86.1,43.2,8.3,24.5,33.8,16.7,22.1,75.5,11.5,35,46.5,22,16.1,8.6,5,5.9,18.3,19.1,99.2,100.8,33.8,69.8,9.1,5.9,16,13.1,11.9,40.9,2015-2016
Boston Celtics,82,48,34,48.2,70.7,29.3,57.7,14.2,24.8,15.4,17.5,17.8,43.4,54.6,45.4,85.9,14.1,61.6,38.4,37.5,85,44.1,7.8,23.3,33.6,19.7,26,75.5,11.4,34.6,46,20.9,16.4,7.6,5.5,4.2,21,21.9,102.5,102.5,33.3,70.7,9.2,4.2,14.8,14.2,10.8,43,2015-2016
Brooklyn Nets,82,21,61,48.2,78.2,21.8,64.4,17.6,19.7,11.6,15.9,15.2,46.8,53,47,84.4,15.6,58.3,41.7,40.8,85.2,47.9,9.5,25.6,36.9,15,19.6,76.3,10.2,33.2,43.4,24.5,14.2,8.8,5.2,4,18.4,18,106,109.7,31.9,71.6,7.6,4,18.3,12.1,14.5,47.9,2015-2016
Charlotte Hornets,82,48,34,48.4,65.2,34.8,51,14.7,30.9,10.7,18.1,15.4,36.3,48.2,51.8,84.2,15.8,58.6,41.4,37.8,85,44.4,8.9,25.4,34.9,16.3,21.2,76.9,8.9,35.8,44.7,23.2,13.4,6.7,5.5,5.3,20.4,18.1,100.7,103.7,35,75.4,7.3,5.3,14.1,11.4,12.4,40,2015-2016
Chicago Bulls,82,42,40,48.5,75.6,24.4,60.3,20,23.4,10,16.2,13.1,40.3,51.5,48.5,88.5,11.5,59.1,40.9,39.4,89.4,44.1,7.9,23,34.5,16.3,22.1,73.7,11.8,34.1,45.9,22.5,11.9,8,5.7,5.7,18.7,18.8,103.1,105.5,35.2,71.4,6,5.7,16,14.3,13.8,44.4,2015-2016
Cleveland Cavaliers,82,57,25,48.4,64.8,35.2,53.6,14.3,30.9,11.4,15.6,15.6,39.3,48.1,51.9,86.3,13.7,58.7,41.3,36.8,82.1,44.8,7.9,22.7,34.7,16.8,22.6,74.3,9.3,31.8,41,21.4,13.3,7.2,4.4,3.9,20.6,20.3,98.3,103.9,33.9,74.2,6.7,3.9,15.5,11.2,11.2,40.8,2015-2016
Dallas Mavericks,82,42,40,48.8,66.1,33.9,53.8,16.7,28.8,11,17.3,15.6,37.1,50,50,85,15,59.2,40.8,38.3,85,45.1,9.1,26.5,34.2,16.9,22.8,73.8,10.6,35.2,45.8,22,13.9,7.5,4.4,3.7,21.4,19.5,102.6,105.9,33.9,72.3,6.8,3.7,14.8,13.4,16,40.9,2015-2016
Denver Nuggets,82,33,49,48.4,72.3,27.7,58.3,13.3,23.6,13.9,18.1,15.4,45,54.3,45.7,81.4,18.6,60.1,39.9,38.8,84.2,46.1,9.2,24.8,37.1,18.2,23.9,76.1,9.7,32.9,42.7,23.5,13.7,8,6.3,4.8,20.9,21,105,108.2,33.1,73.2,7.4,4.8,16.8,12.1,13,43.1,2015-2016
Detroit Pistons,82,44,38,48.5,69.7,30.3,56.7,14.1,26.6,10.9,16.7,15.1,42.7,42.2,57.8,80.3,19.7,51.2,48.8,38.8,84.2,46.1,7.3,20.5,35.5,16.5,21,78.3,8.8,33.7,42.5,21.5,13.4,7.1,4.5,3.7,21.6,19,101.4,104.9,33.9,75.3,7,3.7,14.6,10.7,10.4,44.4,2015-2016
Golden State Warriors,82,73,9,48.5,63.8,36.2,51.2,12.4,34.3,18.2,14.5,14.8,38.8,62.6,37.4,80.1,19.9,68,32,38.9,89.4,43.5,7.8,23.5,33.2,18.6,24.5,75.7,11.4,32.5,43.9,22.2,14.5,8.7,4.1,6.1,19.8,20.7,104.1,102.8,36.2,72,8.4,6.1,16.6,13.8,14.5,45.1,2015-2016
Houston Rockets,82,41,41,48.4,63,37,50.7,7.8,30.1,17,19.1,17.7,42.9,50.8,49.2,79.3,20.7,58.9,41.1,39,85.1,45.9,9.7,26.9,36.1,18.6,24.6,75.6,11.8,32.8,44.6,24.6,16.6,9,4.9,5.2,22.5,21.8,106.4,107.3,31.7,69.2,10,5.2,19.5,14.7,14.4,44.6,2015-2016
Indiana Pacers,82,45,37,48.5,73,27,59.2,19.2,23.7,13.1,17.1,18.5,40,48.7,51.3,80.4,19.6,55.4,44.6,37.4,84.9,44,8.3,24.8,33.4,17.4,23.2,75.1,10.7,33.8,44.5,20.8,15.8,7.7,4.5,4.8,20.4,20,100.5,102.2,33.9,71.4,9,4.8,16.3,13,12.2,41.6,2015-2016
LA Clippers,82,53,29,48.4,67.6,32.4,54.7,18.6,27.9,12.3,17.4,16.2,36.1,52.6,47.4,80.2,19.8,59.6,40.4,36.8,84.7,43.4,7.9,23.3,33.8,18.8,25.1,75.1,11.8,34.9,46.7,21.2,15.4,7.1,3.2,5.6,22.5,21.3,100.2,102.7,33.3,69.7,8.6,5.6,14.5,13.8,12.4,41.3,2015-2016
Los Angeles Lakers,82,17,65,48.1,71,29,56.2,17,24,12.5,19.8,14,39.2,45,55,73.4,26.6,51.3,48.7,40.5,85.6,47.3,8.5,24.6,34.7,17.3,23.7,73.1,10.9,35.5,46.5,24.7,12.6,7.5,5.6,4.1,19.2,20.3,106.9,110.3,32.3,71.2,7.2,4.1,16.5,14.3,17,47.8,2015-2016
Memphis Grizzlies,82,42,40,48.4,77.8,22.2,61.9,17.5,18.6,12.7,19.5,18,44.4,50.2,49.8,86.1,13.9,56.2,43.8,35.9,78.8,45.6,9.7,26.6,36.5,19.7,25.7,76.8,10.1,33.1,43.2,21.9,16.2,7,5.7,4.3,21.1,21.7,101.3,107.1,30.5,70.9,8.8,4.3,15.1,11.8,14.6,38.5,2015-2016
Miami Heat,82,48,34,48.4,77.9,22.1,64.7,18.2,18.2,11.1,17.1,14.8,46.4,47,53,92.8,7.2,54.3,45.7,37.2,84.3,44.2,7.4,21.2,34.7,16.5,21.5,77,9.8,31.5,41.3,20.2,12.9,7.5,4.1,6.5,19.6,18.3,98.4,103.7,34.3,72.9,6.7,6.5,15.6,13,10.7,42,2015-2016
Milwaukee Bucks,82,33,49,48.4,81.1,18.9,66.6,15.6,16.3,13.9,17.1,18.6,51,55.5,44.5,89.8,10.2,60.3,39.7,37.8,83.1,45.4,9.3,26.5,35.2,18.4,23.9,76.8,11.5,31.5,43,24.5,15.5,8.3,5.6,5.8,19.5,20.7,103.2,107.8,31.2,68.9,8.2,5.8,17.7,14.1,13,44,2015-2016
Minnesota Timberwolves,82,29,53,48.5,79.8,20.2,62.9,19.8,16.3,13.3,20.9,16.1,43.1,57.8,42.2,85.7,14.3,61.9,38.1,40,84.9,47.1,9,25.5,35.5,17,22.5,75.7,10.7,31.2,41.9,22.6,14.9,7.8,5.2,4.6,21.6,20.7,106,109,31.5,70.2,8,4.6,17.8,13.2,13.4,46.1,2015-2016
New Orleans Pelicans,82,30,52,48.2,72.3,27.7,58.2,17.9,25,12.1,16.8,14.6,40.3,51,49,80.9,19.1,57.7,42.3,39.2,83.9,46.8,9.2,24.9,36.9,18.8,24,78.3,8.9,35.5,44.4,23.2,13.7,7.3,5.2,4.2,19.9,20.9,106.5,108.4,33.1,74.8,7.7,4.2,14.9,11.3,11.7,43.2,2015-2016
New York Knicks,82,32,50,48.3,74.4,25.6,59.8,23.5,22.7,8.6,17.5,12,36.4,47.7,52.3,87,13,55.7,44.3,38,85.8,44.3,7.6,22.4,34.1,17.5,23.2,75.4,10.9,33.3,44.2,20.8,11.3,7.2,4.2,5.7,18.5,19.7,101.1,106.7,34,71.8,5.7,5.7,15.4,12.7,12.8,43.1,2015-2016
Oklahoma City Thunder,82,55,27,48.4,72.5,27.5,59.6,16.4,22.5,15.7,17.9,13.7,43.3,50.8,49.2,75.8,24.2,55.8,44.2,38.4,87.7,43.8,8.1,23.8,34.2,18,23.8,75.6,11.3,28.9,40.2,21.5,13,8.8,4.5,5.9,20.2,20.6,102.9,104.8,35.6,72,7.4,5.9,17.6,13.9,13.2,45.2,2015-2016
Orlando Magic,82,35,47,48.5,74.5,25.5,62.3,19.6,22.8,12.1,14.9,17.4,42.7,52.8,47.2,87.4,12.6,59.6,40.4,38.4,83.5,46,8.9,24.9,35.9,17.9,24,74.6,10.1,34.1,44.3,23.2,15.1,7.6,5.5,5.1,18.3,20.7,103.7,106,33,72.6,8.2,5.1,16,11.4,13.2,43.5,2015-2016
Philadelphia 76ers,82,10,72,48.3,67.3,32.7,55.2,10.9,28.7,12.5,16.1,17,44.3,50.1,49.9,86.3,13.7,59.4,40.6,39.7,85.4,46.4,7.8,21.7,35.9,20.5,26.1,78.6,11.1,36.4,47.6,23.4,15.1,8.7,5.7,6,19.2,21.7,107.6,108.6,31.8,69.3,8.3,6,20,14.7,16.7,45.6,2015-2016
Phoenix Suns,82,23,59,48.1,69.8,30.2,55.9,14.9,26.8,14.3,17.3,16.4,41.1,47,53,83.2,16.8,55.8,44.2,39.1,83.8,46.7,9.4,24.9,37.7,19.9,26.5,74.9,9.9,33.8,43.7,22.4,14.9,9.5,5.5,3.8,21.6,22.7,107.5,107.9,33.3,73.3,7.7,3.8,20.2,12.6,17.3,43.8,2015-2016
Portland Trail Blazers,82,44,38,48.3,66.8,33.2,53.4,16.3,30.1,10.2,16.5,14,37.2,46.9,53.1,77.2,22.8,55.2,44.8,38.4,84.7,45.3,8.5,23,37.1,19,26,73.4,10.6,33.1,43.7,21.6,13.3,7.7,5.2,4.6,19.5,21.7,104.3,106.8,33.9,72.8,6.9,4.6,16.3,12.4,11.1,40.9,2015-2016
Sacramento Kings,82,33,49,48.3,74,26,60,13.6,22.7,16.2,17.3,16.5,46.5,55,45,85.8,14.2,61.2,38.8,40.6,87.7,46.2,10.2,28,36.6,17.7,23.2,76.2,11.3,33.7,45,24.2,16,8.8,5.3,4.5,22,20.4,109.1,107.6,33.7,71.7,8.9,4.5,18.6,13.6,15,43.6,2015-2016
San Antonio Spurs,82,67,15,48.1,77.7,22.3,64.1,22,20.1,10,15.8,15.5,42.1,54.9,45.1,90.5,9.5,61.1,38.9,35.7,81.8,43.6,6.6,19.9,33.1,14.9,19.6,75.8,9.1,31.4,40.5,20.8,14.8,7.2,3.9,5.9,19.5,17.5,92.9,98.2,34.5,74.6,8.3,5.9,13.5,10.6,12.1,40.1,2015-2016
Toronto Raptors,82,56,26,48.2,71.3,28.7,54.6,13.6,25.2,10.7,20.2,16.3,41,40,60,87,13,51.1,48.9,36.5,82.1,44.4,8.7,23.4,37.3,16.5,22.1,74.8,9.5,31.2,40.8,21.7,13.3,6.5,5.4,5.5,22,19.6,98.2,104.8,33.2,73.6,7.8,5.5,14.2,11.6,11,40.1,2015-2016
Utah Jazz,82,40,42,48.7,70.3,29.7,56.5,13.8,26,9.5,17.5,15.9,42.7,43.4,56.6,82.3,17.7,52.6,47.4,35.6,79.9,44.6,7.9,22.2,35.7,16.8,22.5,74.6,9.3,30.8,40.1,19.1,14,8,4.7,5.2,19.9,20.2,95.9,103.2,32.5,73.1,7.7,5.2,16,11.5,11.7,39.6,2015-2016
Washington Wizards,82,41,41,48.2,71.8,28.2,59.3,18.5,24.9,17.8,15.8,16.8,40.7,54.8,45.2,87.3,12.7,61.9,38.1,38.7,83.8,46.2,9,24.2,37.1,18.3,23.7,76.9,9.4,34.9,44.3,22.5,16.2,8.1,4.3,3.9,20.1,20.8,104.6,105.1,32.8,73.7,8.6,3.9,15.7,11.7,12.7,41.2,2015-2016
Atlanta Hawks,82,43,39,48.5,69.1,30.9,56.6,15.2,25.9,11.8,17.5,15.8,41.4,54.2,45.8,87.9,12.1,62.1,37.9,38.8,87.3,44.4,10.9,30.5,35.7,15.6,20.2,77.2,10.7,33.2,43.9,23.4,15.4,9,5.2,4.8,21.6,18.2,104,105.2,34.1,71.7,8.2,4.8,17.4,13.2,12.8,39.1,2016-2017
Boston Celtics,82,53,29,48.2,60.7,39.3,49.3,10.6,33.4,11.5,17.3,15.1,38.7,57,43,83.7,16.3,65.3,34.7,38.6,85.8,45,9,27,33.2,19.1,24.9,76.9,10.8,33.8,44.5,22.6,13.9,7.6,5.2,4.1,20.3,20.6,105.4,108,32.9,70.5,7.5,4.1,15.2,13.9,12.2,43.2,2016-2017
Brooklyn Nets,82,20,62,48.2,62.9,37.1,51.3,7.9,30.3,13.2,18.4,14.2,43.4,45.4,54.6,85.1,14.9,56.6,43.4,41.6,90.8,45.8,10,27.2,36.6,19.3,25,77.2,11,36.2,47.2,23,13.3,9.5,5.6,4.7,20.4,21,112.5,110.1,35.1,71.6,7.2,4.7,19.1,14.3,14,45,2016-2017
Charlotte Hornets,82,36,46,48.4,66.5,33.5,52.8,14.7,28.7,9,18.5,14.2,38,54.5,45.5,79.5,20.5,61.1,38.9,39.5,86.5,45.6,11.6,31.4,36.9,14.2,18.2,77.6,8.9,35.5,44.4,24.5,13.1,6.6,5.5,4.8,19.9,16.6,104.7,108.4,34.8,74.9,7,4.8,13.1,11.4,12.9,40.5,2016-2017
Chicago Bulls,82,41,41,48.2,74.4,25.6,60.4,18.3,22.2,13.4,17.5,15.2,42.1,51.3,48.7,87.5,12.5,58.4,41.6,39.5,86.6,45.6,8.9,25.9,34.5,14.6,19,77,10.3,32.9,43.2,23.6,13.4,7.3,4.6,4.8,18.8,17.7,102.4,106.2,34.1,73.3,7.8,4.8,15.5,11.9,13.7,45.2,2016-2017
Cleveland Cavaliers,82,51,31,48.5,60.1,39.9,48.8,13,35.4,11.7,15.8,13.3,35.8,44.1,55.9,82.9,17.1,56.7,43.3,40.6,88.8,45.8,10.4,28.7,36.1,15.5,20,77.3,11,33.2,44.2,24.7,12.6,7.3,4.3,4,20.6,18.1,107.2,109.7,34.4,72.2,6.6,4,16.6,13.7,13.3,44.5,2016-2017
Dallas Mavericks,82,33,49,48.2,63.4,36.6,52.1,18.6,32.8,7.9,15.1,16.1,33.5,47.4,52.6,81.3,18.7,57.4,42.6,37,79,46.9,9.6,25.3,38,17.2,22.3,77.2,8.9,35.6,44.5,21.3,14.9,6.5,3.4,3.7,19.4,19.1,100.8,107.7,30.7,73.3,7.5,3.7,14,11.6,13.6,39.5,2016-2017
Denver Nuggets,82,40,42,48.2,67.1,32.9,54.7,10.1,28.5,12.7,16.8,12.6,44.6,52.6,47.4,87.1,12.9,61.5,38.5,42.1,88.4,47.7,9.9,26.3,37.5,17.1,21.9,78.2,9.4,31.4,40.8,24,12,8.3,4.9,3.9,20.2,19.1,111.2,111.7,34.6,75.3,6.9,3.9,18,12.2,14.3,47.4,2016-2017
Detroit Pistons,82,37,45,48.3,73.7,26.3,63.5,20.9,22.8,11.8,13.7,14.7,42.6,45.5,54.5,84.5,15.5,53,47,38.3,83.3,46,9.4,25.6,36.6,16.4,21,78,8,34.9,42.9,23.5,12.8,6.7,4.1,3.8,17.5,17.9,102.5,106.7,34.6,77.5,7,3.8,12.7,10.1,10.7,41.2,2016-2017
Golden State Warriors,82,67,15,48.2,64.1,35.9,53.7,13.4,31,19.5,15.3,16.7,40.2,65.6,34.4,83.4,16.6,70.5,29.5,38.8,89.2,43.5,9,27.8,32.4,17.7,23.2,76.1,11.7,31.8,43.5,22.7,15.5,8.6,3.8,6.8,19.4,19.3,104.3,103.4,35,70.9,9.6,6.8,16.7,14,14.4,45.4,2016-2017
Houston Rockets,82,55,27,48.2,53.8,46.2,44.9,4.4,37.5,14.5,17.6,16.2,40.5,54.6,45.4,77.1,22.9,62.6,37.4,41.2,88.9,46.3,10,29.1,34.3,17.3,22.2,77.8,10.7,33.4,44.1,24.1,15.1,8.5,5,4.3,20.4,19.9,109.6,108.4,33.5,71.7,8.2,4.3,17.5,13.8,14.3,49,2016-2017
Indiana Pacers,82,42,40,48.4,72.8,27.2,58.3,18.4,24.7,10.1,17,15.8,39.8,49.8,50.2,83.6,16.4,57.2,42.8,38,84.3,45.1,10.4,29.1,35.5,19,24.1,78.9,10.7,33.5,44.3,22.3,14.9,8.1,5,5,19.5,19.5,105.3,108.1,33,71.3,8.2,5,16.2,12.9,10.6,39.7,2016-2017
LA Clippers,82,51,31,48.2,67.1,32.9,53.9,17.1,28.3,12.8,17.8,14,36.7,49.4,50.6,78.6,21.4,57,43,38.6,85.4,45.2,9.2,26.3,35,18,23.4,77.2,10.2,32.9,43.1,23.1,13.2,7,3.1,4.2,22.4,19.8,104.4,107.5,34,73.3,7.5,4.2,15.2,12.7,14.3,42.7,2016-2017
Los Angeles Lakers,82,26,56,48.1,70.5,29.5,58.2,12.5,25.5,14.5,16.3,16.6,45.6,46.2,53.8,77.4,22.6,53.2,46.8,41.5,86,48.3,10.1,27.4,37,18.3,24,76.2,10.3,34.2,44.4,25.7,14.5,8.5,5.4,3.9,18.5,20.7,111.5,112,32.1,71.7,8.2,3.9,18,13.3,16.2,47.4,2016-2017
Memphis Grizzlies,82,43,39,48.5,68.4,31.6,53.8,13.5,27.9,10.1,18.3,16,40.3,50.4,49.6,81.6,18.4,58.4,41.6,34.9,78.8,44.3,9.9,28,35.4,20.2,26.9,75.3,9.3,32.8,42.1,20.1,14.3,7,5,4.2,20.8,22.4,100,106.5,32,73.1,8,4.2,14.8,11.5,14.6,37.8,2016-2017
Miami Heat,82,41,41,48.2,68.6,31.4,56.6,12.8,28.7,10.8,14.8,15.4,43.8,42.7,57.3,89.1,10.9,54.4,45.6,37.9,84.2,45,7.8,22.7,34.3,18.5,23.7,78.2,10.2,33.4,43.6,19.6,13.7,6.8,4.9,5.7,18.7,20.5,102.1,106.4,33,71.8,7.2,5.7,13.9,12.8,10.3,44.5,2016-2017
Milwaukee Bucks,82,42,40,48.2,71,29,57.9,11,25.4,13.3,16.6,16.7,46.9,53.4,46.6,92.9,7.1,62.4,37.6,38,82.9,45.8,10,28.2,35.3,17.9,23.2,77.1,10.3,32.1,42.4,24.1,14.7,7.4,4.6,5.3,19.3,20.2,103.8,108.7,31.6,70.6,8.1,5.3,16.2,12.7,11.7,43.7,2016-2017
Minnesota Timberwolves,82,31,51,48.3,75.1,24.9,60.9,17.6,20.8,12.1,18.3,15.8,43.2,53.5,46.5,88.5,11.5,60,40,39.6,83.3,47.5,9.9,27,36.6,17.6,22.9,76.8,9.8,30.6,40.4,23.1,14.3,7.7,5,4.5,20.5,20.1,106.7,110.9,31,71,8,4.5,17.2,13.4,13.9,46.2,2016-2017
New Orleans Pelicans,82,34,48,48.5,69.2,30.8,57.1,14.8,26.9,14.4,16,14,42.3,50.3,49.7,83.5,16.5,58.2,41.8,40.1,89,45,10.5,29.8,35.3,15.8,20.7,76.2,10.6,37.7,48.3,23.4,14,7.4,4.2,5.5,19.3,18.2,106.4,106.8,35.1,72.8,7.8,5.5,15.6,12.4,13.6,44.1,2016-2017
New York Knicks,82,31,51,48.4,72.1,27.9,59.4,20.7,24.7,10.4,15.9,13.8,38.7,46.9,53.1,84.5,15.5,55.1,44.9,39.7,87.4,45.5,9.8,28.2,34.8,18.7,24.2,77.1,11.6,33.1,44.7,21.8,12.9,7.5,4.6,5.5,18.5,20.3,108,110.7,33.2,69.8,7.1,5.5,16.5,14.7,14,46.1,2016-2017
Oklahoma City Thunder,82,47,35,48.3,70.5,29.5,58.2,11.4,23.8,15.8,18,14.7,46.8,46.6,53.4,77.3,22.7,53.2,46.8,39.2,85.3,45.9,8.8,24.8,35.6,18.6,24.3,76.4,9.1,31.5,40.6,21.4,13.8,8.5,5.5,5,20.7,20.9,105.8,107.1,34.4,74.2,7.9,5,16.9,12.2,11.1,47.5,2016-2017
Orlando Magic,82,29,53,48.3,70,30,58.8,17.1,25.4,13.9,15.8,14.8,41.8,49.5,50.5,87.6,12.4,58,42,40.3,86.4,46.7,9.7,26.4,36.7,17.4,22.7,76.6,9.7,35.8,45.5,23.6,13,7.6,5.1,4.8,18.7,19.3,107.6,110.3,33.3,72.6,7.1,4.8,15.9,13.3,13,46.6,2016-2017
Philadelphia 76ers,82,28,54,48.4,65.1,34.9,53.7,10.5,29.7,12.6,16.6,16.9,43.3,54.1,45.9,87.7,12.3,63.1,36.9,39.6,85.9,46.1,8.9,24.9,35.7,20.1,26,77.3,10.8,34.2,45,22.7,15.1,8.6,5.4,5.1,19.6,21.9,108.1,108.2,33,70.9,8.4,5.1,18.5,13.4,15.3,45.1,2016-2017
Phoenix Suns,82,24,58,48.4,74.5,25.5,60.1,16.1,20.9,18,19,16.4,44.1,42.1,57.9,79,21,49.1,50.9,40.2,86.2,46.7,10.1,26.3,38.2,22.8,29.1,78.3,10.2,33.8,44,22.2,14.9,8.1,5.3,4.9,22.2,24.8,113.3,111.3,33.1,71.8,8.2,4.9,18.1,13.5,16,44,2016-2017
Portland Trail Blazers,82,41,41,48.6,67.8,32.2,54,14.8,28.9,10.5,17.1,13.6,39.2,44.4,55.6,78.9,21.1,53.4,46.6,39.2,86.2,45.5,9.3,25.1,37,20.8,26.5,78.5,10.1,33.9,44,20.6,12.8,7.7,5.3,5,19.8,21.2,108.5,110,33.5,72,7,5,15.7,12.6,12.7,42.9,2016-2017
Sacramento Kings,82,32,50,48.5,70.9,29.1,56.2,14.3,26.2,10.4,17.6,15.8,41.9,50.6,49.4,87.7,12.3,59.4,40.6,38.5,83.2,46.2,10.9,30,36.4,18.9,24.2,77.8,10.1,32.8,42.9,23.7,14,8.5,5.1,4,20.1,20.3,106.7,110.8,32.3,72.3,7.6,4,17.4,12.5,14.7,40.7,2016-2017
San Antonio Spurs,82,61,21,48.3,71.9,28.1,57.2,19.6,26.2,11.5,16.7,16.4,37.6,52.5,47.5,87.4,12.6,60.6,39.4,37,83.4,44.3,8.1,23.7,34.4,16,20.8,77.1,9.8,31.7,41.5,21.4,14.4,7.5,4.1,5.9,19.8,18.3,98.1,102.9,33.9,73,8,5.9,14.7,12.4,12.6,40.8,2016-2017
Toronto Raptors,82,51,31,48.2,71.1,28.9,56.7,15.8,24.8,11.4,18.4,16.2,40.9,37.2,62.8,81.8,18.2,47.2,52.8,37.2,82.9,44.9,9.7,27.3,35.4,18.5,23.8,78,10.1,31.9,42.1,21.8,14.6,6.7,4.8,4.9,20.3,20.8,102.6,107.1,32.6,71.7,8.3,4.9,14.9,13.1,11.5,41.7,2016-2017
Utah Jazz,82,51,31,48.2,67.3,32.7,54.3,11.8,28.7,8.1,17,14.6,42.5,45.4,54.6,80,20,54.4,45.6,36.3,82,44.3,8.2,22.9,35.8,16,20.7,76.9,9,31.1,40.2,17.8,12.1,7.3,3.8,5,20.2,18.8,96.8,104.7,33.8,74.3,6.7,5,15.2,10.7,10.5,41,2016-2017
Washington Wizards,82,49,33,48.4,71.6,28.4,58.8,17.6,25.3,14.6,15.9,16.2,41.2,49.6,50.4,86,14,57.7,42.3,39.7,85.1,46.6,9.9,27.1,36.4,18.2,24.2,75.1,10.6,32.5,43,22.8,15.3,7.4,4.6,4.1,19.8,21.3,107.4,108.8,32.6,71.6,8.5,4.1,16.4,13.8,12.1,43.9,2016-2017
Atlanta Hawks,82,24,58,48.1,63.7,36.3,52.2,12.3,32.5,10,15.3,17.2,40,52,48,86.8,13.2,62.2,37.8,40.7,86.7,46.9,11.6,30.7,37.7,15.9,20.6,77.2,10.3,34,44.2,26.1,15.1,8.7,5.5,4.2,20.3,19.6,108.8,110.1,32.8,71.9,7.8,4.2,17.9,12.9,13,44.4,2017-2018
Boston Celtics,82,55,27,48.3,64.3,35.7,51.6,13.4,33,9.1,15.3,14.8,38.3,49,51,81.3,18.7,58.6,41.4,37.4,85,44,9.4,27.7,33.9,16.3,21.3,76.3,9.6,34.2,43.8,21.3,14.1,7.2,4.4,4.5,19.2,19.7,100.4,103.2,35.1,73.9,7.4,4.5,15.6,11.2,10.4,43.8,2017-2018
Brooklyn Nets,82,28,54,48.4,58.9,41.1,47.9,6.8,35.7,10,16.3,13.3,41.1,50.7,49.3,84.4,15.6,61.9,38.1,41.7,89.4,46.6,9,24.5,36.9,17.9,23.4,76.6,10.4,36.4,46.8,21.7,12.4,7.7,5.5,4.8,19.7,20.6,110.3,109.7,34.8,73.1,6.2,4.8,17.3,13.6,11.6,47.8,2017-2018
Charlotte Hornets,82,36,46,48.2,68.6,31.4,53.5,13.1,27.9,8.6,18.7,14.9,40.4,48.3,51.7,75.6,24.4,55.4,44.6,41.1,87.8,46.8,11.3,30.1,37.5,14.5,18.2,79.5,8.4,35.3,43.7,24.7,13.6,6.6,4.9,4.5,22.4,17.2,108,109,35.4,76.3,6.8,4.5,14.8,10.7,10.7,45.2,2017-2018
Chicago Bulls,82,27,55,48.4,65,35,53.6,13.1,32.2,11.4,14.1,14.6,40.6,51,49,84.8,15.2,60.7,39.3,41,86.8,47.2,12.1,32.7,37,15.9,20.2,78.7,8.4,37.2,45.7,25.9,13.6,7.2,5.2,3.5,17.4,19.2,110,110.5,35,76.7,7.6,3.5,16.3,11.2,11.3,44.5,2017-2018
Cleveland Cavaliers,82,50,32,48.1,62.1,37.9,51.3,11.4,32.4,11.3,16.4,14.6,39.9,47.8,52.2,81.9,18.1,57.9,42.1,41.8,88.3,47.4,11.7,31.7,36.8,14.6,19.4,75.6,9.9,33.7,43.6,25.9,13.5,7.5,4.1,3.8,20.7,18.6,109.9,111.1,33.7,73,7.1,3.8,16.5,12.7,11.3,47,2017-2018
Dallas Mavericks,82,24,58,48.3,61.8,38.2,51.5,13.6,34.6,9.7,13.9,14.4,37.9,49.1,50.9,82.4,17.6,59.4,40.6,39.3,83.8,46.9,10.7,29.4,36.3,16.2,21.4,75.7,8.8,36.9,45.8,23.5,13.7,7.2,4.5,3.8,19.6,19.2,105.4,108.4,33.1,74.9,7,3.8,13.9,11.4,14.3,42.2,2017-2018
Denver Nuggets,82,46,36,48.5,64.3,35.7,53.2,8.6,31.3,12.2,15.6,15.4,44.5,52.6,47.4,84.8,15.2,61.7,38.3,41.3,86.7,47.6,10.9,28.8,37.8,15,20.4,73.8,9.8,31.9,41.6,24.7,13.8,8,4.8,4.9,20.7,18.7,108.5,110,33.5,73.6,7.6,4.9,18.7,11.2,13,47.3,2017-2018
Detroit Pistons,82,39,43,48.3,66.7,33.3,54.6,12.6,31.2,10.4,14.2,16,42,46.5,53.5,88.9,11.1,58.2,41.8,39.1,85.2,45.9,11.1,30.8,35.9,14.6,18.9,77.6,9.2,34.5,43.8,25.2,14.8,7.3,4.9,3.9,18.4,18.4,103.9,106.7,33.6,74,7.7,3.9,14.9,11.2,9.9,43.6,2017-2018
Golden State Warriors,82,58,24,48.1,66.1,33.9,55.5,16.7,29.9,17,14.6,15.2,38.9,64.3,35.7,80.1,19.9,68.5,31.5,40.2,90,44.7,10.4,29.2,35.7,16.7,22,75.8,10.9,31.6,42.5,23.6,14.3,8.7,3.7,7.5,18.5,19.6,107.5,106.8,35.1,71.2,8,7.5,18.5,13.7,14.1,47.4,2017-2018
Houston Rockets,82,65,17,48.2,49.8,50.2,41.6,5.4,40.9,10.2,17.5,15.5,36.2,47,53,68.9,31.1,55.7,44.3,39.6,85.6,46.2,10.1,28.8,35.1,14.6,19.6,74.6,8.7,33.4,42,22.4,14.5,7.4,4.4,4.8,20.4,19.5,103.9,105.7,34.5,75,8.5,4.8,15.8,11.9,11.9,48,2017-2018
Indiana Pacers,82,48,34,48.2,71.6,28.4,60.2,17.8,25.7,14,14.2,17.3,42.4,46.5,53.5,81.9,18.1,54.4,45.6,39.4,84.8,46.5,10.6,30.4,34.9,14.8,19.5,75.7,10.2,32.7,43,23.2,15.5,7,5.2,4.1,18.5,18.8,104.2,107.3,32.7,72.1,8.8,4.1,14.8,12.8,12.3,44.8,2017-2018
LA Clippers,82,42,40,48.1,68.6,31.4,56.5,8.6,26.1,12.2,17.4,14.5,47.9,50.2,49.8,72.6,27.4,55.5,44.5,40.2,87.7,45.9,10.7,30.2,35.6,17.8,22.7,78.2,10.6,33,43.6,24.6,14.1,8.5,5.6,4.5,22,20,109,109.2,33.7,71.8,7.7,4.5,17.4,13.2,15.4,44.8,2017-2018
Los Angeles Lakers,82,35,47,48.5,67.1,32.9,56.8,8.8,27.8,16.2,15.4,15.1,48,49.2,50.8,86.5,13.5,58.4,41.6,41,89.9,45.6,10.4,30.1,34.6,17.1,22.5,76.1,10.2,34.6,44.8,23.6,14.3,8.3,5.5,4.7,20.5,21.2,109.6,107.3,35.7,72.9,7.7,4.7,18.2,13.5,12.7,49,2017-2018
Memphis Grizzlies,82,22,60,48.1,68.3,31.7,55.4,12.8,27.9,13.3,16.7,17.2,42.6,51,49,81.5,18.5,58.6,41.4,37.1,80.3,46.2,10.7,29,36.8,20.6,26.8,76.9,9.5,33,42.5,22.1,14.8,8.1,5.1,4.8,20.4,23.2,105.5,110.4,31,72.1,7.5,4.8,17.3,11.8,14.3,42.1,2017-2018
Miami Heat,82,44,38,48.6,64.2,35.8,53.8,10.4,31.9,9,14.3,15.9,43.4,45.7,54.3,90.8,9.2,58.5,41.5,37.7,83.8,45,9.6,26.6,36,18,23,78.3,9.1,34,43.1,21,14.1,7.5,4.6,5.3,19.4,20.1,102.9,105.8,34.2,74.1,7.6,5.3,15.6,11.8,11,43.5,2017-2018
Milwaukee Bucks,82,44,38,48.4,70.3,29.7,58.2,13.7,24.7,13.8,17.2,17.2,44.5,50.1,49.9,88.3,11.7,58.5,41.5,39.1,83.7,46.8,10.1,27.1,37.2,18.4,23.5,78.3,10,32.8,42.7,23.6,15.6,7.1,4.5,5.4,19.9,21.4,106.8,109.1,31.5,70.9,8.8,5.4,15.8,13,10.1,47.3,2017-2018
Minnesota Timberwolves,82,47,35,48.3,73.9,26.1,60.3,15.3,22,8.8,17.7,16.2,44.9,48.7,51.3,82.5,17.5,55.3,44.7,40.2,84.7,47.5,10.9,29.6,36.6,16,20.5,77.9,9.8,32,41.8,23.9,15.1,6.5,4.7,4.2,20.9,18.2,107.3,110.2,31.6,72,8.4,4.2,15.2,13,12.9,45.7,2017-2018
New Orleans Pelicans,82,48,34,48.7,68.1,31.9,58.1,11.2,27.4,13.7,14.5,14.6,46.9,54.9,45.1,87.6,12.4,62.7,37.3,41.7,91.9,45.4,10.9,30.6,35.5,16.1,20.5,78.4,10.8,34.7,45.5,23.7,14.5,8.2,4.2,5.9,20.4,19.1,110.4,107.4,35.6,72.6,8,5.9,17.3,13.8,14.2,47.7,2017-2018
New York Knicks,82,29,53,48.4,73.4,26.6,62.1,17.4,23.6,8.2,14.3,14.5,44.7,49.9,50.1,86.9,13.1,57.3,42.7,39.4,86.3,45.7,11.2,30.4,36.8,18,23.2,77.4,10.2,33,43.2,24,13.3,8.2,4.7,5.1,18.4,20.5,108,109.7,33.6,72.7,6.7,5.1,17.4,13.2,11.4,43.4,2017-2018
Oklahoma City Thunder,82,48,34,48.4,65.5,34.5,54,13.3,29.9,14.1,16.1,17.3,40.7,42.6,57.4,83.1,16.9,53.5,46.5,38.5,84,45.8,11.2,30.6,36.7,16.2,21.1,76.9,9.5,32.6,42.2,23.3,16,7.7,4.6,5,21.3,20.2,104.4,106.4,32.6,72.5,9.1,5,14.4,12.8,11.2,43.5,2017-2018
Orlando Magic,82,25,57,48.1,65.8,34.2,55.1,11.1,29.9,12.2,15,15.1,44.1,51.5,48.5,85.1,14.9,60.4,39.6,40.9,87.5,46.8,10,27.6,36.2,16.4,21.2,77.3,10.6,35.3,45.9,24.4,14.2,7.8,4.9,4.9,19,19.3,108.2,109.4,32.8,71.4,7.6,4.9,17,12.8,12.9,48.3,2017-2018
Philadelphia 76ers,82,52,30,48.2,65.6,34.4,54.4,11.4,30,10.4,15.6,15.4,43,55.6,44.4,95.4,4.6,66.3,33.7,38,87.6,43.4,10.1,29.6,34.2,19.1,25.6,74.5,10,32.2,42.2,21.7,14.3,8.5,5.1,5.1,20.4,22.1,105.3,103.9,36.5,73.6,8.3,5.1,18.5,12.3,10.3,41.6,2017-2018
Phoenix Suns,82,21,61,48.1,68,32,56.1,11.8,26.9,13.8,17,14.4,44.3,46.7,53.3,82.3,17.7,55.3,44.7,41.8,88.7,47.1,10.9,29.2,37.3,18.8,24.6,76.6,10.4,35.4,45.9,23.3,13.4,8.7,6,4.5,20.9,22,113.3,111.7,33.9,72.4,6.9,4.5,18.6,13.2,14.6,47.1,2017-2018
Portland Trail Blazers,82,49,33,48.2,67.6,32.4,54.9,14.1,29.3,7.6,15.8,13.3,40.8,41.6,58.4,72.1,27.9,49.6,50.4,38.4,85.9,44.7,9.7,26.6,36.4,16.6,22,75.5,9.3,33.6,42.9,20.2,12.6,7.3,5.1,5.2,19.1,19.5,103,105.7,35.3,74.6,7,5.2,14.9,11.7,11.3,42.1,2017-2018
Sacramento Kings,82,27,55,48.2,72.2,27.8,60.2,16.2,27.3,10.6,12.4,15.4,44,47.7,52.3,81.7,18.3,55.6,44.4,38.7,82.4,47,11.9,31.5,37.7,16.4,21.5,76.5,9.1,34.7,43.8,23.6,14.3,7.8,4.7,4.1,17.3,20,105.8,110.4,31.4,73.1,7.8,4.1,15.7,11.6,12.3,42.2,2017-2018
San Antonio Spurs,82,47,35,48.1,71.8,28.2,59.5,16.9,24.8,10,15.7,15.9,42.6,49.6,50.4,89.7,10.3,58.3,41.7,38.2,84.3,45.3,9.1,26.3,34.8,14.3,18.9,75.9,9.2,33.3,42.5,21.8,14.1,7.6,3.9,5.6,19.7,17.2,99.8,104.1,33.9,74.1,7.7,5.6,15,12.2,12.5,44.1,2017-2018
Toronto Raptors,82,59,23,48.4,62.3,37.7,52.8,9.2,31.7,11.9,15.5,15.4,43.6,49.9,50.1,81.6,18.4,59,41,38.4,85.6,44.9,8.9,25,35.7,18.2,23.7,76.7,9.8,32.6,42.4,21.8,14.3,7.2,4.9,6.1,19.9,21.7,103.9,105.3,34.2,72.5,7.6,6.1,15,13.2,11.6,45.3,2017-2018
Utah Jazz,82,48,34,48.2,64.3,35.7,52.7,10.1,31.2,9.8,16.1,16.1,42.6,50,50,80.5,19.5,58.6,41.4,37.3,83,44.9,9.5,26,36.5,15.8,20.5,77.1,8.7,33,41.6,20,14.9,8.3,4.6,5.1,20.5,19.6,99.8,103,34.2,75.6,8.6,5.1,16.4,10.8,9.5,41.8,2017-2018
Washington Wizards,82,43,39,48.4,69,31,56.3,16.7,27.9,10.9,15.8,16.2,39.6,54.8,45.2,88,12,63.1,36.9,39,84.4,46.2,10.2,29.2,34.9,17.9,23.5,76.1,9.8,32.7,42.5,22.3,14.9,7.8,4.7,4.3,20,21.3,106,107.7,33.1,73.2,7.9,4.3,17.1,13.1,11,45.4,2017-2018
Atlanta Hawks,82,29,53,48.4,59.7,40.3,50,4.9,34.4,13.4,15.5,15,45.1,53.3,46.7,82.4,17.6,62.4,37.6,42.8,90.5,47.3,12.4,34.4,35.9,21.5,28.3,75.8,10.6,35.4,46,26.9,15,9.9,5.5,5.1,22.2,23.6,119.4,113.1,34.5,71.8,8.2,5.1,21.1,14.6,16.5,49.3,2018-2019
Boston Celtics,82,49,33,48.2,61.9,38.1,52.5,12.7,33.6,14.5,13.9,16.1,39.8,52.7,47.3,85.4,14.6,62.4,37.6,39.5,88.1,44.8,11.5,33.5,34.4,17.4,22.8,76.4,10.4,35.5,45.9,23.7,15.1,6.8,3.9,5.3,19.5,20.4,108,107,34.7,72.8,8.6,5.3,14.8,13.5,13.2,45.9,2018-2019
Brooklyn Nets,82,42,40,48.7,59.7,40.3,49,5.5,34.1,10.4,16.9,13.7,43.4,50.8,49.2,77.4,22.6,59.2,40.8,42.2,92.5,45.6,10.3,30.3,34.1,17.6,22.8,77,11,35.2,46.2,23.7,13.5,7.8,5.3,4.1,22,21.5,112.3,109,35.6,72,6.6,4.1,17.3,14.4,11.8,51.2,2018-2019
Charlotte Hornets,82,39,43,48.4,62.2,37.8,51.1,8.9,32.3,10.6,16.6,14.5,42.2,49.4,50.6,77.7,22.3,57.8,42.2,41.9,89.2,47,12.1,33.5,36.1,15.9,20.2,78.7,10.1,35.7,45.8,26,13.5,6.9,6,4.9,20.6,18.9,111.8,112,33.9,73.1,7.2,4.9,13.7,13.4,13.3,49,2018-2019
Chicago Bulls,82,22,60,48.5,70.5,29.5,58.6,10.2,26,11.5,15.4,14.5,48.4,46.5,53.5,83.8,16.2,55,45,42.2,89.2,47.3,12.1,33,36.5,16.8,22,76.3,10,36.4,46.4,25.5,13.3,7.3,5.8,4.3,18.7,20.3,113.4,112.8,34.1,72.7,7.4,4.3,16.6,13.4,13,49.1,2018-2019
Cleveland Cavaliers,82,19,63,48.2,66.8,33.2,54.7,12.1,29.7,10.1,15.7,13.8,42.6,43.5,56.5,80.2,19.8,53.2,46.8,43.2,87.2,49.5,12,31.6,38,15.8,20.5,77,9.5,34.6,44.1,25.7,12.5,6.9,5.6,2.4,19.4,20,114.1,116.8,31.9,73.2,6.5,2.4,16.8,12.7,14,50,2018-2019
Dallas Mavericks,82,33,49,48.2,57.8,42.2,48.4,7.5,34.3,11.3,17.3,13.4,40.9,50.6,49.4,80.6,19.4,60.3,39.7,40.9,89.2,45.9,11.2,32.5,34.4,17.1,22,77.7,10.2,34.6,44.8,24.5,13,7.8,4.5,4.3,23.2,20.1,110.1,110.1,35.2,73.4,6.5,4.3,15.6,13,16.7,47.7,2018-2019
Denver Nuggets,82,54,28,48.1,65.2,34.8,55.9,8.8,29.9,11.4,14.3,14.2,47.1,57.1,42.9,88.3,11.7,65.3,34.7,39.6,86.4,45.8,10.8,31.9,33.9,16.7,22.2,75.3,9.7,32.7,42.5,24.6,13.5,7.4,5,4.4,20.4,20,106.7,108.1,34.5,74.4,7.7,4.4,15,12.1,12.2,48.9,2018-2019
Detroit Pistons,82,41,41,48.4,60.6,39.4,49.9,8.1,33.9,9.4,16.1,14.8,41.9,46.5,53.5,83.1,16.9,57.9,42.1,39.9,85,46.9,9.6,27.8,34.5,17.9,23.7,75.5,9.1,34.6,43.7,23.7,14.1,6.9,5.1,4,21.3,22.1,107.3,108.7,33.6,74.5,6.9,4,16,11.3,11.9,49.9,2018-2019
Golden State Warriors,82,57,25,48.3,61.6,38.4,52.3,15.6,33.8,16.2,13.9,13.8,36.7,61,39,80.3,19.7,66.8,33.2,40.4,91.1,44.4,11.6,33.6,34.7,18.7,24.2,77.3,10.8,33.5,44.3,24.3,13.5,7.7,3.6,6.4,19.5,21.4,111.2,108.6,36.5,72.7,7.6,6.4,17.4,13.8,15.1,47.1,2018-2019
Houston Rockets,82,53,29,48.4,48.1,51.9,40.6,3.6,42.5,10.6,16.9,15.8,37,48.2,51.8,62.6,37.4,54.1,45.9,40.4,86.7,46.6,10.1,29.8,34,18.2,23.7,76.8,11,34.5,45.4,23.5,15,7.4,4.5,4.9,20,22,109.1,110.1,31.9,70,8.5,4.9,16.3,13.7,13.8,51.8,2018-2019
Indiana Pacers,82,48,34,48.1,70.8,29.2,59,13.7,26.4,13.5,14.7,17.6,45.2,55.7,44.3,86.4,13.6,62.8,37.2,38.7,86.1,45,11.4,32.1,35.4,15.8,21,75.6,10.5,33.1,43.7,24.5,15.7,7.4,5.2,4.9,20,19.4,104.7,106,33.7,72.2,8.7,4.9,14.9,13.3,14,44.8,2018-2019
LA Clippers,82,48,34,48.4,70.5,29.5,54.3,9.8,26.1,12.4,19.6,13.5,44.5,49.7,50.3,84.9,15.1,58.2,41.8,41.7,91.3,45.7,10.4,30.2,34.3,20.5,26.3,77.7,11.3,34.5,45.7,24.1,13.2,8.3,6.1,4.7,24,23.3,114.3,110.4,35.8,72.2,6.8,4.7,17.7,13.8,14.8,51.1,2018-2019
Los Angeles Lakers,82,37,45,48.2,65.8,34.2,57.7,7.9,27.7,17.3,14.6,15,49.8,53.9,46.1,79.3,20.7,60,40,41.9,92.8,45.2,11.8,34,34.9,17.8,22.7,78.4,11.3,35.6,46.9,25,14.2,8.3,5.1,5.4,20.8,20.7,113.5,108.9,36.4,72.5,7.5,5.4,18.5,14,15.9,50.3,2018-2019
Memphis Grizzlies,82,33,49,48.5,65.8,34.2,54.2,9.5,28.7,11.9,17.1,16.6,44.8,56.2,43.8,82.6,17.4,63.1,36.9,37.6,83.4,45.1,11.6,32.2,36,19.3,24.7,78.4,9.5,35.2,44.7,23.4,15.2,7.6,4.9,5.5,21.4,22,106.1,108,33,72.4,8.3,5.5,16.6,11.6,16.3,42.7,2018-2019
Miami Heat,82,39,43,48.1,63.2,36.8,53.6,7.3,32.1,9.4,14.3,14.7,46.3,50.5,49.5,88,12,61.2,38.8,38.3,86.8,44.1,11.9,33.1,35.8,17.5,22.7,76.9,10.1,34,44.2,23.3,14.1,7.5,4.7,5.5,20.1,20.9,105.9,107.1,35.1,73.1,7.6,5.5,17.1,13.7,12.5,42.3,2018-2019
Milwaukee Bucks,82,60,22,48.2,58.1,41.9,50.6,5.5,34.2,15,15.2,14.1,45.1,50,50,82.5,17.5,60.1,39.9,40.5,93.5,43.3,13.1,36.3,36.1,15.1,20.7,73.3,9.9,35.4,45.3,24.8,13.4,6.8,4.8,5.9,20.2,19.6,109.3,104.9,40.4,75.7,7.5,5.9,14.6,12.1,11,42.2,2018-2019
Minnesota Timberwolves,82,36,46,48.4,68.5,31.5,56.1,12.1,26.9,10.4,17,15.5,44,50.5,49.5,86.2,13.8,59.1,40.9,42.1,90.1,46.7,12.7,33.6,37.8,17.1,22.3,76.7,11.2,34.4,45.6,26.2,14.7,6.6,5.5,5,21.9,20.3,114,112.2,33.5,70.9,8.3,5,15.1,14.8,13.6,48.9,2018-2019
New Orleans Pelicans,82,33,49,48.2,67.6,32.4,57.9,7.4,26.7,12.8,15.4,14,50.4,54.2,45.8,86.9,13.1,61.9,38.1,43.3,92.8,46.6,12.3,33.7,36.4,17.9,23.5,76.4,11,34.8,45.8,26.5,13.6,8.6,5.4,5.4,21,21.1,116.8,112,36.2,72.9,7.4,5.4,18,13.7,15.7,51.6,2018-2019
New York Knicks,82,17,65,48.2,66.6,33.4,53.9,11.8,28.8,10.6,17.3,14.1,42.1,41.8,58.2,82.6,17.4,52.5,47.5,41.9,89.7,46.7,11.8,32.6,36.3,18.2,23.8,76.6,10.7,36.8,47.5,25.6,13.2,7.4,5.6,5.1,20.8,20.9,113.8,112.9,34.3,71.7,6.8,5.1,16.4,14.1,11.7,50.6,2018-2019
Oklahoma City Thunder,82,49,33,48.4,65.3,34.7,54.7,9.4,29.8,15.9,15.6,16.8,45.3,45.1,54.9,81.4,18.6,54.8,45.2,40.8,88.7,46,11.2,31.6,35.6,18.3,24,76.1,9.9,35.8,45.7,24.9,16.7,8.2,5.1,5.2,22.5,22.4,111.1,106.5,35.5,73.8,9.3,5.2,16,12.5,12.3,48.4,2018-2019
Orlando Magic,82,42,40,48.2,64,36,54.1,13,31.9,10.1,14,14.2,41,55.3,44.7,83.2,16.8,63.2,36.8,39.9,87.6,45.6,10.5,30.2,34.7,16.3,20.9,77.8,9,35.6,44.6,23.1,13,7,4.4,5.4,18.7,18.6,106.6,107.6,35.4,75.4,6.6,5.4,14.7,10.9,12.7,47.2,2018-2019
Philadelphia 76ers,82,51,31,48.3,65.8,34.2,53.3,10.4,28.2,13,18.4,13.3,42.9,54.6,45.4,93.7,6.3,64.8,35.2,41.7,91.5,45.5,10.3,30,34.2,18.8,24.5,76.8,10,33.5,43.5,23.4,12.7,7.7,4.1,5.3,22.1,21.3,112.5,109,36.9,74.1,7.4,5.3,17.3,12.3,14.7,51.2,2018-2019
Phoenix Suns,82,19,63,48.5,66.5,33.5,56.7,10.4,26.9,14.1,16.4,17,46.3,52.8,47.2,80.8,19.2,59.5,40.5,42.5,88.2,48.2,11.1,29.9,37.2,20.8,27.6,75.3,11.8,35.3,47.2,25.9,15.7,9,5,5.1,20.7,23.6,116.8,114.2,31.3,68.3,9,5.1,19.5,15.5,15.8,53,2018-2019
Portland Trail Blazers,82,53,29,48.4,66.1,33.9,54.6,11.6,28.8,9.6,16.6,13.1,43,47.2,52.8,74.9,25.1,54.4,45.6,41.1,90,45.7,10.7,29.8,35.9,17.5,22.8,77,10.3,32.6,42.8,23.2,12.4,7.4,5.1,5,20.7,20.4,110.5,109.5,36.2,73.9,6.7,5,15.3,13.7,14.1,47.8,2018-2019
Sacramento Kings,82,39,43,48.1,67.9,32.1,55.8,10.4,29.7,18.3,14.5,16.9,45.4,50.7,49.3,81.8,18.2,58.8,41.2,42.3,90.6,46.6,12,34.6,34.8,18.8,24.4,77,11.2,36.8,48,24.7,15.9,7.5,5.1,4.4,21.4,21.4,115.3,110.8,34.4,71.3,8.3,4.4,16.4,14.4,14.2,51.2,2018-2019
San Antonio Spurs,82,48,34,48.3,71.4,28.6,58,19.3,26.6,9.3,15.4,12.6,38.7,49.4,50.6,86.5,13.5,58,42,41.5,89.7,46.3,11.7,32.7,35.9,15.2,20.2,75.5,9.2,34.7,43.9,24.7,12.2,7.2,4,4.7,19.6,18.1,110,110.6,35.5,74.4,6.1,4.7,15,12.6,14.1,46.6,2018-2019
Toronto Raptors,82,58,24,48.5,62.1,37.9,52.1,9.7,32.4,16,15.4,15.1,42.4,49.9,50.1,85.2,14.8,60.3,39.7,40.3,89.7,44.9,10.8,31.2,34.5,17.1,22.3,76.5,10.6,34.2,44.8,24.5,14.9,7.6,4.5,5.3,20.5,21,108.4,106.8,35.6,72.6,8.3,5.3,15.9,12.9,13.5,47.5,2018-2019
Utah Jazz,82,50,32,48.2,60.6,39.4,50.7,6.1,32.5,9.5,16.8,14.7,44.6,55.6,44.4,84.8,15.2,64.4,35.6,40,88.5,45.2,9.8,27.7,35.5,16.7,22.2,75.3,8.9,33.7,42.6,21.6,13.9,8.5,4.6,5.9,22.4,21.1,106.5,105.3,36.4,75.9,8.1,5.9,16.9,11.2,11.4,47.7,2018-2019
Washington Wizards,82,32,50,48.6,63,37,54,10.1,29.8,12.4,16.1,15.5,43.9,53.3,46.7,86.8,13.2,62.3,37.7,43.4,90.5,48,12.1,32.8,37,18,23.1,77.8,11.4,35.8,47.3,26.2,15.8,7.7,4.6,4.6,21.2,20.7,116.9,112.9,32.7,70.6,8.3,4.6,17,14.1,14,52.1,2018-2019
Atlanta Hawks,67,20,47,48.6,60.2,39.8,51.2,6.1,32.3,11.5,16.5,15,45.1,52.5,47.5,74.3,25.7,58.9,41.1,43.3,90.7,47.8,11.9,32.7,36.3,21.2,27.4,77.2,11.2,35.9,47,25,15,9,6.4,5.1,21,23.1,119.7,114.4,33.4,70.8,7.8,5.1,19.5,15,14.8,53.6,2019-2020
Boston Celtics,72,48,24,48.4,61.4,38.6,50.5,8.5,33.2,13.4,16.3,15.5,42,49.1,50.9,70.7,29.3,55.7,44.3,38.4,87.1,44.1,11.8,34.8,34,18.8,24.5,76.7,10.3,34,44.3,22.4,15.2,7.1,5.5,5.6,20.7,21.6,107.3,106.5,35.4,73.1,8.3,5.6,15.1,13.2,13.2,43.4,2019-2020
Brooklyn Nets,72,35,37,48.6,57.7,42.3,48.9,4.5,35.1,11.7,16,13.2,44.3,51.8,48.2,78.9,21.1,60.6,39.4,41.4,92.9,44.6,12.2,34.8,35,17.4,22.6,76.9,10.6,35.3,45.9,22.6,12.8,7.7,5.3,4.5,21.1,21,112.3,109.2,37.3,73.6,6.4,4.5,17,13.2,13.1,46.4,2019-2020
Charlotte Hornets,65,23,42,48.5,60.1,39.9,49.1,3.9,35.2,11.3,15.7,15.7,45.2,56,44,80.3,19.7,63.9,36.1,41.7,87.5,47.6,12.4,35.1,35.2,14,18.4,75.8,10.9,35,46,26.6,14.4,8,5,4.1,20.6,18.8,109.6,112.8,31.8,70.6,6.6,4.1,16.8,13.2,11.8,50.5,2019-2020
Chicago Bulls,65,22,43,48.2,60.4,39.6,51.3,5,34.3,13.9,14.5,19.8,46.3,48.7,51.3,81.2,18.8,58.7,41.3,39.5,82.5,47.9,11.2,31.6,35.3,19.7,26,75.9,10.2,35.4,45.5,25.4,18.3,8.2,5.9,4.1,19.2,21.8,109.9,108.9,31.4,71.9,10,4.1,17.8,12.7,12.5,49.6,2019-2020
Cleveland Cavaliers,65,19,46,48.4,63.8,36.2,54.5,8.4,31.4,9.9,14.1,13.4,46.1,47.2,52.8,83.5,16.5,57.3,42.7,43.9,89.4,49.1,12.4,33,37.5,14.7,19.2,76.7,9.7,33.1,42.9,26.1,13,9.4,6.3,3.2,19.6,18.3,114.8,114.8,33.4,73.8,6.9,3.2,20,12.7,14.4,53.6,2019-2020
Dallas Mavericks,75,43,32,48.5,54.3,45.7,45.3,7,38.8,10,15.9,12.4,38.3,48.3,51.7,78.3,21.7,59.2,40.8,41.9,91.6,45.8,12.3,34.9,35.1,16,21,76,10.4,35,45.4,23.9,11.9,7,4.1,4.8,21.3,19.5,112.1,111.2,36.4,74,6.1,4.8,14.3,13.4,16.4,48.8,2019-2020
Denver Nuggets,73,46,27,48.6,65.6,34.4,55.8,11.1,29.6,10.6,14.6,14.9,44.7,56,44,85.3,14.7,63.6,36.4,40,86.5,46.3,12.1,33.9,35.8,17.1,22.5,75.9,10.1,32.6,42.6,25.4,14.3,7.2,4.4,4.6,20.5,20.3,109.2,110.4,33.4,72.5,8,4.6,16.2,12.2,12.4,48.2,2019-2020
Detroit Pistons,66,20,46,48.4,61.9,38.1,51,6,33.5,10.2,15.5,14.8,45,49.9,50.1,87.1,12.9,61.2,38.8,41.9,87.3,48,10.7,29.6,36.1,16.2,20.9,77.7,10.1,33.4,43.5,24.6,14,8.2,5.6,4.5,19.8,19.7,110.8,112.3,32,71.7,7.4,4.5,17.3,13.2,12.7,52,2019-2020
Golden State Warriors,65,15,50,48.4,64.5,35.5,53,11.8,29.4,12.9,17.6,16,41.2,59.7,40.3,84.1,15.9,66.3,33.7,42.2,88.6,47.6,13.5,34.8,38.9,17.1,21.9,78.3,10.2,36.3,46.5,26.1,15.6,8.2,4.9,4.6,20.1,20.1,115,113,32.9,72.2,8.2,4.6,18,13.5,15,48.8,2019-2020
Houston Rockets,72,44,28,48.3,49.9,50.1,42.7,3.7,39.8,12.4,17.5,16.1,38.9,43,57,69.2,30.8,53,47,42.3,91.5,46.2,12.2,35,34.9,18,23.7,76.1,11.2,36.7,47.9,25.3,16.2,8,4.9,5.2,21,21.8,114.8,109.8,34.5,71.3,8.7,5.2,17.8,14.1,15.1,51.5,2019-2020
Indiana Pacers,73,45,28,48.3,68.3,31.7,58.4,13.3,27.9,11.7,13.7,15.8,45.1,53.3,46.7,86.7,13.3,61.4,38.6,39.5,88.5,44.6,11.5,33.6,34.1,17,21.6,78.8,10.4,34.9,45.2,23.1,14.7,6.9,4.6,5.2,18.8,19.8,107.5,107.5,34.1,71.8,7.4,5.2,15,13.2,13.6,47.6,2019-2020
LA Clippers,72,49,23,48.3,62.5,37.5,50.1,9,32.1,11.8,17.9,15.4,41,46.5,53.5,81.8,18.2,57.1,42.9,39.5,90.2,43.8,12.3,35.6,34.5,18.5,24.5,75.6,10.7,34.6,45.3,23.7,14.1,7.5,4.7,4.7,22.9,22.1,109.9,106.9,37,73.7,7.1,4.7,16.5,12.4,13.3,44.6,2019-2020
Los Angeles Lakers,71,52,19,48.1,64.2,35.8,55.2,8.7,29.1,16.2,15.6,16.7,46.5,51.8,48.2,83.1,16.9,60,40,39.1,87.1,44.8,11.6,33.4,34.9,17.9,22.9,78.1,9.4,32.9,42.3,23.4,15.9,8.2,3.7,6.6,21.7,20.7,107.6,106.1,35.1,73.7,8.6,6.6,17.4,12,16.5,45.8,2019-2020
Memphis Grizzlies,73,34,39,48.1,65.4,34.6,56.1,6.5,29.1,15.2,14.7,15.2,49.6,54.7,45.3,88,12,63.3,36.7,40.6,90.3,45,12.9,35.3,36.5,19.6,25,78.2,10.4,34.5,44.9,24.8,14.8,8,5.3,5.5,20.2,21.2,113.7,109.7,36.2,73.3,7.9,5.5,17.9,13.6,13.9,45.3,2019-2020
Miami Heat,73,44,29,48.6,58.1,41.9,46.5,7.3,35.9,10.1,17.6,14.5,39.1,55.8,44.2,84.9,15.1,65.7,34.3,38.8,86.7,44.8,13.1,37.7,34.7,18.4,23.6,78.3,9.2,33.3,42.5,24.6,14,7.5,4.1,4.5,21.7,20.6,109.1,109.3,35.9,75.3,7.5,4.5,17.9,12.8,11.4,44.1,2019-2020
Milwaukee Bucks,73,56,17,48.2,57.2,42.8,49.7,8.2,34.9,15.1,15.4,14,41.5,49.8,50.2,81.1,18.9,59.8,40.2,38.9,94,41.4,14,39.3,35.5,16.7,21.2,78.7,9.5,36.3,45.8,24.2,14.1,7.4,4.5,5.9,21.7,19.6,108.6,102.5,42.2,77.5,7.2,5.9,16.9,11.3,13.6,38.7,2019-2020
Minnesota Timberwolves,64,19,45,48.6,56.7,43.3,47.8,4.4,35.3,9.9,16.9,14.7,43.4,49,51,79.1,20.9,59,41,43.1,90.4,47.7,11.6,31.9,36.3,19.7,25.2,78.3,10.1,37.2,47.3,24.4,15.5,7.8,5.5,5.7,21.6,21.4,117.5,111.6,34.3,73.1,8.7,5.7,17.8,13.5,13,51.2,2019-2020
New Orleans Pelicans,72,30,42,48.4,59.7,40.3,49.9,6.9,35.3,14.3,14.7,14.4,43,51.6,48.4,87.4,12.6,63,37,42.7,91.8,46.5,12.2,33.9,36.1,19.4,24.7,78.9,10.1,34.7,44.8,24.5,14.5,8.5,4.8,5,21.1,21.2,117.1,111.8,35.4,72.9,7.5,5,19.6,13.6,15.4,52.2,2019-2020
New York Knicks,66,21,45,48.4,68.2,31.8,57.5,11.5,27.1,8.9,15.4,14.9,45.9,45.1,54.9,87.2,12.8,55.2,44.8,39.9,86,46.3,13.3,34.9,38.1,19.2,25.7,74.9,9.6,34.6,44.2,24.3,13.7,7.2,5,4.7,19.8,22.2,112.3,112.4,34.5,74.2,7.6,4.7,17.5,12.6,12.8,43.8,2019-2020
Oklahoma City Thunder,72,44,28,48.4,64.7,35.3,53.1,11.7,29.1,8.6,17.9,15.3,41.4,45.7,54.3,77.8,22.2,54.3,45.7,40.8,89.6,45.5,11.3,33.3,34,15.5,19.6,79.5,10.5,34.3,44.8,23,14.2,7,4,4.9,22.8,19.3,108.4,108.1,34.7,72.8,7.6,4.9,16,12.6,10.9,48.4,2019-2020
Orlando Magic,73,33,40,48.1,63.6,36.4,52.7,10.4,30.9,11.1,16.4,15.9,42.3,51.1,48.9,85.9,14.1,60.8,39.2,40.4,86.9,46.5,12.2,33.6,36.4,15.3,19.8,77.1,9,35.8,44.9,24.7,14.6,7,4.6,5.4,19.5,18.3,108.3,109.2,34.2,74.9,8.2,5.4,14.3,11.2,11.9,46.3,2019-2020
Philadelphia 76ers,73,43,30,48.2,64,36,53.2,10.3,31.5,12.2,15.3,14.4,42.9,51.6,48.4,91.3,8.7,62.8,37.2,39.8,86,46.3,10.4,29.4,35.3,18.4,24.5,75.1,8.6,33.2,41.8,22.8,13.8,7,4,5.3,20.5,20.9,108.4,108.4,35,75.3,8,5.3,16.4,11.6,13.7,48.1,2019-2020
Phoenix Suns,73,34,39,48.2,63.9,36.1,52.4,10.4,30.1,12.9,17.5,16.2,42,57.4,42.6,88.9,11.1,66.1,33.9,41.2,87.4,47.2,11.6,32,36.3,19.3,24.5,78.8,9.1,34.2,43.3,23.6,15.6,7.9,5.5,4,22.6,22,113.4,110.8,33.8,73.4,7.7,4,16.6,12.5,12.7,49.8,2019-2020
Portland Trail Blazers,74,35,39,48.2,62.6,37.4,51,12.2,33.6,11.4,15.4,12.4,38.8,40.9,59.1,66.9,33.1,48.8,51.2,41.8,91.6,45.6,13.6,35.4,38.3,19.1,24.7,77.1,11.5,35.4,46.9,24.9,12.9,6.8,4.9,6.1,20.1,21.7,116.1,114.3,35.1,71.2,6.3,6.1,14.5,15.5,14.8,47,2019-2020
Sacramento Kings,72,31,41,48.5,60.5,39.5,51.2,8.5,34.6,11.6,14.2,15.8,42.7,47.1,52.9,82.8,17.2,58.2,41.8,40.3,85.5,47.1,12.4,34.8,35.7,19.2,24.3,79,9.1,34.5,43.5,24.9,15.2,7.7,4.2,4.1,19.5,22.2,112.1,111.4,32.9,73.6,7.7,4.1,16.5,11.9,12.1,46.6,2019-2020
San Antonio Spurs,71,32,39,48.5,68.2,31.8,55.2,17,28.2,11.7,16.6,13.8,38.2,48.1,51.9,88.8,11.2,58.5,41.5,42.3,90.2,46.9,13.1,35.1,37.3,17.4,22.5,77.7,9.4,35.9,45.3,25.7,13.2,6.8,4.3,5.5,20.1,19.4,115.2,112.6,35.6,75.1,7.3,5.5,15.1,13.6,13,48.2,2019-2020
Toronto Raptors,72,53,19,48.3,57.9,42.1,46.9,5.4,36.8,16.7,16.4,17.3,41.5,53,47,81.1,18.9,62.7,37.3,37.8,88.3,42.8,13.1,38.9,33.7,17.8,23.2,76.9,10.9,35.1,46.1,25.6,16.8,7.2,5.5,5,20.4,21.7,106.5,104.7,35.9,72.1,8.8,5,16.9,13.5,12.7,41.5,2019-2020
Utah Jazz,72,44,28,48.2,58.6,41.4,48,5.7,36.1,9.4,15.9,12.8,42.3,45.2,54.8,77.5,22.5,56,44,40.7,89.1,45.7,11,31,35.3,16.5,21.5,76.7,9.6,33.1,42.7,21.5,12.3,7.9,4.6,4.1,20.8,20.4,108.8,109.3,35.8,74.6,6.1,4.1,17.1,12.1,12.5,47.4,2019-2020
Washington Wizards,72,25,47,48.2,64.2,35.8,51.6,11.7,31.5,11.7,16.9,16.2,39.9,50.9,49.1,83.2,16.8,60.2,39.8,43.1,88.4,48.8,12.4,33.1,37.6,20.4,26.3,77.8,10.5,35.7,46.2,25.2,16.2,7.5,5,4.3,22.2,22.7,119.1,114.7,31.9,71.2,8,4.3,16.7,14.4,12.7,51.4,2019-2020
Atlanta Hawks,72,41,31,48.3,61.8,38.2,49.9,7.8,32.8,8.8,17.3,12.9,42,50.4,49.6,79.1,20.9,59.1,40.9,41.3,89.1,46.3,11.9,34.2,34.9,16.9,21.1,80.3,10,32.7,42.7,24.4,12.3,7.7,5,4.8,19.8,19.3,111.4,112.1,35.1,74.2,7,4.8,15.9,13.2,11.8,48.7,2020-2021
Boston Celtics,72,36,36,48.3,59.1,40.9,49.5,8.4,36.2,10.5,14.3,15.8,41.1,47.8,52.2,74.6,25.4,56.6,43.4,39.9,86,46.4,12.8,34.3,37.4,18.5,23.5,78.5,9.4,33.1,42.5,24.1,14.1,7.4,4.6,5.3,19.3,20.4,111.2,111.8,33.6,73.7,7.7,5.3,15.8,13.2,11.8,44.3,2020-2021
Brooklyn Nets,72,48,24,48.3,58.7,41.3,48.9,7.4,35.8,12.1,15.3,13.3,41.5,53.6,46.4,79.5,20.5,62.1,37.9,41.9,91.3,45.9,13.2,36.2,36.5,17.1,22,77.5,10.5,32.6,43.1,24,12.6,7.6,4.6,5.3,18.9,19,114.1,113.1,35.5,72.6,6.7,5.3,16.1,15.3,12.1,47.8,2020-2021
Charlotte Hornets,72,33,39,48.2,57.8,42.2,48,6,37.5,12.4,14.5,16.2,42,58.9,41.1,83.1,16.9,67.2,32.8,41.3,88.1,46.8,14.5,39.5,36.6,14.4,19.3,74.5,10.6,34.5,45.2,27.1,14.7,8.1,4.8,4.8,18.6,18,111.4,112,33.2,72.2,7.8,4.8,16.9,13.2,13.2,47.2,2020-2021
Chicago Bulls,72,31,41,48.3,61.7,38.3,53.5,8.9,34,10.4,12.5,13.1,44.6,54.9,45.1,83.8,16.2,63.5,36.5,41.4,87.7,47.3,11.5,32.3,35.6,17.2,22.2,77.4,8.7,33.5,42.1,24.1,12.7,8.5,5.1,4.2,17.7,18.9,111.6,111.5,35.3,76.7,6.7,4.2,17.8,11.6,11.7,48.9,2020-2021
Cleveland Cavaliers,72,22,50,48.4,65.3,34.7,55.1,5.9,28.9,10.9,16.1,15.7,49.1,54,46,84,16,61.8,38.2,42,86.7,48.4,12.4,32.4,38.3,15.9,20.4,77.9,9.9,33.8,43.7,25.4,14.3,8.5,5.9,4.5,20.2,18.2,112.3,113.5,32.3,72.9,7.8,4.5,17.9,12.1,12.9,50.6,2020-2021
Dallas Mavericks,72,42,30,48.1,56.4,43.6,48.5,9.2,36.8,10.1,14.6,12.9,39.3,44.5,55.5,77.8,22.2,55.7,44.3,40.1,87.1,46,12.8,35.2,36.5,17.2,22.5,76.4,9.8,34.2,43.9,22.7,12.6,7.3,3.7,4.3,20.1,19.4,110.2,112.3,34.2,73.4,6.3,4.3,14.6,13.1,12.4,45.2,2020-2021
Denver Nuggets,72,47,25,48.6,61.7,38.3,52.8,9.6,33.6,10.8,13.6,15.6,43.2,52.3,47.7,85.1,14.9,62.1,37.9,40,85.4,46.9,13,35.7,36.3,17.1,22.1,77.3,9.1,32.1,41.2,25.9,14.1,7.5,4.5,4.5,19.2,19.1,110.1,111.5,33.9,75.1,8.1,4.5,15.6,11.3,13.4,45.2,2020-2021
Detroit Pistons,72,20,52,48.4,61.5,38.5,50.8,6.4,32.5,10,16.6,15.5,44.5,50.9,49.1,90.1,9.9,62.6,37.4,41.4,86.9,47.6,11.3,31.4,36.2,17,22.3,76,10,34.4,44.3,24.8,13.9,8,5.8,5.2,20.4,20.5,111.1,112.2,33.1,72.5,7.4,5.2,17.3,13.4,11.6,51.3,2020-2021
Golden State Warriors,72,39,33,48.1,56.1,43.9,47,7.1,38.4,12.7,14.6,15.3,39.9,59.5,40.5,80.6,19.4,67,33,40.2,89,45.2,12.4,34.5,35.9,19.8,25.5,77.8,10.7,36.6,47.3,23.8,15,7.9,4.3,4.8,19.5,21.2,112.7,109.4,35.1,72.7,8.2,4.8,17.5,14.2,13.3,47.3,2020-2021
Houston Rockets,72,17,55,48.1,54.1,45.9,46.8,3.9,38,10.2,15.2,16.6,42.9,48.6,51.4,81.4,18.6,60.1,39.9,42.7,89,48,13.4,35.2,38.2,17.9,22.8,78.3,9.9,37.7,47.6,25.8,14.7,8.5,5.3,5,19.3,19.5,116.7,114.4,33.3,72.3,7.6,5,17.5,13.1,14.7,50,2020-2021
Indiana Pacers,72,34,38,48.5,62.8,37.2,53.6,6.8,32.1,14.4,14.2,15.6,46.8,53.5,46.5,88,12,63.3,36.7,42.7,91.3,46.8,11.5,31.5,36.6,18.4,23.5,78.2,11.3,35.5,46.8,26.1,14.8,7.4,5.3,6.4,18.1,20.2,115.3,111.9,33.7,70.1,8.5,6.4,16,15.3,13.7,53.8,2020-2021
LA Clippers,72,47,25,48,60,40,48.3,11.3,37.5,9.1,14.2,14,37,45.4,54.6,83.4,16.6,58.4,41.6,40.1,86.4,46.4,11.6,32.5,35.6,16.1,20.7,77.7,9.2,32,41.2,22.9,12.8,7.1,4.2,4.1,18.1,19.2,107.8,110.6,34.7,75.4,7.1,4.1,15.4,11.8,11.9,47.2,2020-2021
Los Angeles Lakers,72,42,30,48.5,63.7,36.3,54,8.4,30.3,12.1,15.7,15.9,45.6,50.6,49.4,87.7,12.3,60.7,39.3,39.8,86.4,46,11.4,32.2,35.2,15.9,20.5,77.6,8.8,33.2,42,24.7,15.2,8.2,4.5,5.4,21.3,19.1,106.8,106.8,34.6,74.8,7.8,5.4,16.6,11.3,12.2,48.2,2020-2021
Memphis Grizzlies,72,38,34,48.3,65.8,34.2,56,6.7,29.5,15.3,14.5,16.3,49.3,54.3,45.7,87.2,12.8,62.8,37.2,41,88.7,46.2,12.9,35.1,36.7,17.4,22.1,78.8,9.8,34.9,44.7,25.4,14.8,7.7,5.2,5.1,18.3,18.7,112.3,110.5,35.3,73.6,9.1,5.1,16.6,12.4,13.7,47.5,2020-2021
Miami Heat,72,40,32,48.3,56.8,43.2,48.6,7.6,35.9,11,15.4,16.4,41.1,56.2,43.8,89.3,10.7,67.1,32.9,39.1,85.2,45.9,14.3,39.1,36.5,15.6,19.9,78.2,9.5,33.4,42.9,25.8,15.1,7.5,4,4,19.6,18.9,108,110.7,33.5,73.3,7.9,4,16.7,12.3,10.4,41.3,2020-2021
Milwaukee Bucks,72,46,26,48.1,59.6,40.4,50.5,9.9,36,12.1,13.5,13.6,40.6,46.8,53.2,78.2,21.8,56.9,43.1,42.4,92.9,45.6,14.8,38.6,38.4,14.6,18.8,78,9.6,33.8,43.4,25.1,13.2,7,4.8,4.6,18.3,17.3,114.2,110.7,37.8,75.5,8.1,4.6,15.9,13,10.7,43.1,2020-2021
Minnesota Timberwolves,72,23,49,48.3,58.7,41.3,49.3,5.3,35.1,10.8,15.7,16.5,44,53.2,46.8,83.5,16.5,63,37,43,89.3,48.2,13.1,33.5,39.2,18.5,23.5,78.6,10,35.8,45.8,26.8,15.3,7.6,5.5,5.5,19.9,20.9,117.7,114.5,33,71.7,8.8,5.5,16.8,14.5,14,49.8,2020-2021
New Orleans Pelicans,72,31,41,48.4,65.8,34.2,55.7,8.2,27.7,12.3,16.6,13.3,47.5,52.6,47.4,87.1,12.9,61.2,38.8,41.9,89.3,46.9,14.5,38.1,38,16.6,21.1,79,8.9,32.9,41.8,25.9,13.3,7.7,5.9,4.4,21.3,18,114.9,113.3,35.7,75.5,7.6,4.4,18.3,11.9,13,46.7,2020-2021
New York Knicks,72,41,31,48.4,65.3,34.7,51.7,10.6,33,8.3,15.3,14.1,41.1,41.6,58.4,84.2,15.8,54.3,45.7,37.9,86.2,44,12,35.6,33.7,16.9,22.2,76.1,9.7,34.4,44.1,23.6,12.8,6.6,5.4,5.1,17.9,20.5,104.7,107.8,35.5,73.8,7,5.1,15,12.2,10.5,43.8,2020-2021
Oklahoma City Thunder,72,22,50,48.2,60.1,39.9,51.3,5.8,34,8.8,14.7,13.6,45.4,45.5,54.5,82.4,17.6,56.8,43.2,43.4,91.7,47.3,13.6,37.3,36.4,15.3,19.8,77.3,10.1,37,47.1,25.8,13.1,9,5.3,4.4,18.6,18.1,115.6,113.4,35.7,74.2,7,4.4,20,13.4,11.6,49.5,2020-2021
Orlando Magic,72,21,51,48.1,64.4,35.6,52.6,12.6,31.4,9.9,16,12.9,40,46.9,53.1,82.7,17.3,57,43,42.2,89.7,47.1,13.7,36.8,37.3,15.2,19.3,78.6,9.8,37.6,47.4,26,12.7,7.6,5.3,4.4,18.7,17.2,113.3,113.9,35.1,74.4,6.9,4.4,15.8,11.7,14.2,47.2,2020-2021
Philadelphia 76ers,72,49,23,48.4,65.3,34.7,53,11.4,29.7,13.4,17.2,15.9,41.6,45.2,54.8,89.4,10.6,57.2,42.8,39.4,86.9,45.3,11.9,33,36,17.4,22.8,76.4,9.8,33.2,42.9,23.5,15.6,7.2,4.7,6.2,21,20.2,108.1,107,35,73.7,9.1,6.2,17.2,11.6,14.3,46,2020-2021
Phoenix Suns,72,51,21,48.6,60.8,39.2,52.5,13.2,34,11.3,13.5,13.9,39.3,52.4,47.6,84.9,15.1,62.2,37.8,40.5,86.8,46.7,11.6,32.8,35.4,16.8,21.7,77.8,9.4,33.3,42.7,22.9,13.6,6.9,3.6,4.3,18,19.1,109.5,110.4,34.2,74.1,7.2,4.3,14.8,12.4,12,47.4,2020-2021
Portland Trail Blazers,72,42,30,48.1,55.2,44.8,44,10.2,40.6,10,15.3,12.9,33.9,40.5,59.5,69.3,30.7,51.5,48.5,41.8,88.3,47.3,12.9,34.6,37.2,17.9,22.8,78.7,9.9,35.5,45.4,24.9,12.4,6.1,4.6,5,19.1,18.9,114.3,115.3,33.9,73.1,6.9,5,14.1,13.8,13.7,47.3,2020-2021
Sacramento Kings,72,31,41,48.1,62.4,37.6,53.6,6.7,32,12.4,14.4,14.4,46.9,51.6,48.4,80.5,19.5,59.9,40.1,43.6,89.4,48.8,12.4,32.6,38,17.8,22.7,78.7,10.7,34.6,45.2,25.3,13.7,7.6,4.7,5,18.7,19.4,117.4,116.5,32,71.3,7.5,5,17,14,12.6,53.4,2020-2021
San Antonio Spurs,72,33,39,48.6,68.6,31.4,57.5,14.4,26.9,10.6,15.7,14.2,43,49.2,50.8,87.7,12.3,58.4,41.6,42.4,89.8,47.2,12.3,32.6,37.7,15.7,20.7,75.8,10.2,37.2,47.4,24.8,13.2,6.3,5.1,5.1,18.6,18,112.8,112,34.6,73.3,7,5.1,14.3,13.3,11.9,50.1,2020-2021
Toronto Raptors,72,27,45,48.1,55.6,44.4,45.4,6.2,39,12.3,15.6,16.7,39.2,48.3,51.7,82.2,17.8,60.7,39.3,39,84.7,46.1,13.9,36.7,37.9,19.8,24.8,79.9,10,35.9,45.9,26,16.1,6.6,5.6,5.4,19.5,21.2,111.7,112,32.1,71.6,8.6,5.4,15.6,13.9,11.6,42.9,2020-2021
Utah Jazz,72,52,20,48.2,51.2,48.8,42.1,4.2,43.1,10.2,14.7,12.1,38,44.4,55.6,76.3,23.7,57.3,42.7,40.9,91.4,44.7,10.9,31.8,34.1,14.5,18.9,76.8,9.8,32.8,42.6,22.3,11.5,7.7,3.9,5.2,19,18.5,107.2,107.5,37.6,75.7,6.6,5.2,17,12.4,12.1,49.1,2020-2021
Washington Wizards,72,34,38,48.3,68.1,31.9,56.6,11.3,26.2,9.6,17.3,15.4,45.2,50.1,49.9,88,12,59,41,43.1,91.6,47.1,12.4,33.7,36.9,19.8,25.4,78.1,10.3,35.8,46.1,24.5,14.7,8.2,4.8,4.1,22,21.6,118.5,112.3,35.5,73.6,7.3,4.1,17.6,13.7,10.7,48.2,2020-2021
Atlanta Hawks,82,43,39,48.1,61,39,50.2,10.1,33.9,8.5,15.9,13.7,40.1,52.9,47.1,73.5,26.5,59.3,40.7,41.9,89,47.1,12.8,35.2,36.4,15.8,19.9,79.2,10.2,33.6,43.9,25.4,12.8,7,4.5,4.2,20.3,18.7,112.4,113.7,33.9,73.1,7.2,4.2,15.1,12.7,12.2,48,2021-2022
Boston Celtics,82,51,31,48.5,57.5,42.5,49.2,7.6,35.5,9.9,15.2,14.6,41.6,51.2,48.8,81.3,18.7,60.9,39.1,38.3,88.1,43.4,11.8,34.9,33.9,16.1,20.6,78.3,10.5,33.3,43.7,21.6,13.8,7.5,4.6,5.8,19.4,18.5,104.5,106.2,35.5,72.5,7.2,5.8,15.2,12.5,11.5,42.5,2021-2022
Brooklyn Nets,82,44,38,48.2,64.1,35.9,54.1,13.4,30.5,12.2,15.5,13.9,40.7,54.1,45.9,76.4,23.6,60.2,39.8,40.7,90.2,45.2,12.5,36.3,34.5,18.1,23,78.8,11.3,32.8,44.1,23.8,13.3,7.9,4.9,5.5,19.7,20.4,112.1,112.3,34.1,70.4,7.1,5.5,17.2,13.7,14,47.3,2021-2022
Charlotte Hornets,82,43,39,48.5,58.2,41.8,50,5.5,36.3,14.1,13.7,16.1,44.6,55.9,44.1,85.7,14.3,65.6,34.4,42,90.1,46.6,14,38.7,36.2,16.9,22.1,76.3,11.4,35.6,47,26.5,15,7.5,4.6,4.9,19.6,19.9,114.9,113.1,33.7,70.6,8.6,4.9,16.3,15,13.9,48.1,2021-2022
Chicago Bulls,82,46,36,48.1,66.8,33.2,55.7,14.7,28.6,11.4,15.7,14.7,41,47.6,52.4,85.2,14.8,57.2,42.8,41.4,87.4,47.4,11.7,32,36.6,17.4,21.9,79.5,9.3,33.9,43.2,25,13.1,7.1,5,4.1,18.2,18.8,112,113.2,33.7,73.5,7.1,4.1,15.3,12.7,12,49.6,2021-2022
Cleveland Cavaliers,82,44,38,48.1,61.3,38.7,52.1,7.2,32.3,10.4,15.6,14.7,44.9,55.6,44.4,82.2,17.8,63.4,36.6,39.5,87.2,45.2,11.7,33.2,35.3,15,19.4,77.4,10.5,32.4,42.9,24.1,13.4,8.4,4.6,4.2,20,17.5,105.7,108.9,34,72.4,7.1,4.2,17.4,12.5,12.2,46.6,2021-2022
Dallas Mavericks,82,52,30,48.2,56.1,43.9,48.5,8.8,36.3,9.3,15.1,13.8,39.7,50.2,49.8,78.3,21.7,59.5,40.5,39,85.4,45.7,10.9,32.1,34,15.8,20.6,76.7,9.5,34.1,43.6,23.5,13.1,7,3.7,4,20.1,19.7,104.7,109.1,33.8,73.3,6.7,4,14.4,13.1,12,47.1,2021-2022
Denver Nuggets,82,48,34,48.3,58.4,41.6,51.4,7.7,33.7,12,14.8,13.8,43.7,58.4,41.6,85.7,14.3,66.7,33.3,41.1,87.4,47,11.8,34.2,34.6,16.5,21.7,75.7,9.7,32.7,42.4,25.4,12.8,7.9,4.8,3.7,19.9,20,110.4,111.5,34.9,75.2,7.2,3.7,17.3,11.4,12.5,49.9,2021-2022
Detroit Pistons,82,23,59,48.2,60.9,39.1,51.3,7.8,32.3,10,16.4,16.2,43.5,49.8,50.2,89.3,10.7,61.5,38.5,40.6,86,47.3,11.8,32.5,36.2,19.5,25.1,77.7,10.3,35.9,46.3,25.1,14.6,7.4,5.2,4.8,19.8,21.9,112.5,113.3,32,70.7,7.7,4.8,16.9,12.5,11,49.7,2021-2022
Golden State Warriors,82,53,29,48.1,54.4,45.6,47.2,6.9,38.8,12.4,14.1,15.9,40.2,59.5,40.5,80.4,19.6,66.9,33.1,37.9,86.6,43.8,12.2,36,33.9,17.4,22.9,75.9,9.7,33,42.6,22.9,14.5,7.9,3.9,4.5,18,21,105.5,106.6,35.7,73.6,8.8,4.5,16.9,12.7,12.3,43.9,2021-2022
Houston Rockets,82,20,62,48.2,55.2,44.8,47.2,2.7,36.8,11.1,15.9,14.7,44.5,50.2,49.8,78.4,21.6,59.8,40.2,43.4,89.9,48.3,12.8,36.2,35.3,18.5,23.7,78.2,11.2,34.5,45.7,25.6,14.1,9.5,5.8,4.7,22.1,20.6,118.2,116.4,32.4,71,7.3,4.7,21.2,14.7,15.8,53.2,2021-2022
Indiana Pacers,82,25,57,48.5,60.5,39.5,52.5,7.9,32.7,11.9,14.7,13,44.6,51,49,86,14,61.2,38.8,42.5,88,48.3,12,32.3,37.2,17.9,22.5,79.7,10.2,33,43.1,25.1,13.3,8.1,4.9,5.6,19.2,20.4,114.9,115.5,32.6,72.5,7.1,5.6,17.1,13.6,13.4,51.5,2021-2022
LA Clippers,82,42,40,48.2,60.9,39.1,50.3,10.3,35.3,10.9,14.3,14.2,40.1,50.3,49.7,80.5,19.5,59.9,40.1,40.8,90.6,45,11.7,33.9,34.5,15.2,19.6,77.5,12,35.1,47.1,24.1,13.6,7.7,4.1,5,18.5,18.6,108.4,109.5,34.9,70.6,7.4,5,16.5,15,13,50.1,2021-2022
Los Angeles Lakers,82,33,49,48.7,61.2,38.8,52.9,9,32,13.2,15,14.4,43.9,47.6,52.4,82.5,17.5,57.6,42.4,42.6,90.5,47,12.6,35.8,35.2,17.4,23.3,74.7,11,35.6,46.6,26.3,14,8.3,4.1,5.2,20.1,20.2,115.1,112.8,34.5,72,7.6,5.2,17.1,13.4,15,51.5,2021-2022
Memphis Grizzlies,82,56,26,48.2,65.4,34.6,55.4,5.6,29.9,15.3,14.7,15.8,49.8,50.4,49.6,85.4,14.6,59.7,40.3,40.3,88.6,45.5,12,34.5,34.9,17.3,22.4,77.1,10,33,43,25,15.1,7.2,6,6.5,19.8,19.8,109.9,108.9,35,72.6,9.8,6.5,14.5,13,13.2,47.4,2021-2022
Miami Heat,82,53,29,48.4,57.8,42.2,47.3,8.2,37,9.9,15.7,15.7,39.1,53.7,46.3,84.9,15.1,64.4,35.6,37.5,84,44.7,13,38.3,33.9,17.5,22.5,77.9,9.5,32.1,41.7,23.3,15,7.4,4,3.2,20.6,20.5,105.6,108.4,33.9,73.5,7.4,3.2,16.7,12.6,12.2,41.3,2021-2022
Milwaukee Bucks,82,51,31,48.2,57,43,48.1,9.1,36.5,11.4,15.4,13,38.9,46.1,53.9,78.9,21.1,57.2,42.8,41.4,90.6,45.6,14.5,40.6,35.6,15,19.9,75.1,9.9,34.2,44.1,25.9,13,7.4,4.4,4,19.7,18.2,112.1,111.1,36.5,74.7,7.6,4,15.6,12.9,11.5,43.7,2021-2022
Minnesota Timberwolves,82,46,36,48.2,54.6,45.4,46.3,5.2,38.2,13.1,15.5,17.1,41.1,51.9,48.1,79.7,20.3,61.7,38.3,40.2,87.4,46,13.1,37.3,35,19.8,25.4,78,11,34.9,45.9,26.2,16.3,7.2,4.8,5.6,20.9,21.8,113.3,111,32.9,70.6,8.8,5.6,16.2,14.1,14.1,46.1,2021-2022
New Orleans Pelicans,82,36,46,48.2,63.5,36.5,54,9.8,29.2,13.1,16.7,15.2,44.3,53.1,46.9,87.3,12.7,62.1,37.9,40.3,85.5,47.1,13,35.5,36.5,16.8,21.4,78.6,9.3,32.5,41.8,24.9,14.2,7.4,4.8,4,20.5,19.7,110.3,112,33.2,74.2,8.3,4,16.1,12.6,11.2,45.3,2021-2022
New York Knicks,82,37,45,48.2,57.2,42.8,46,6.9,37.2,10,16.9,14.7,39,46.5,53.5,79.5,20.5,58.1,41.9,38.5,86,44.7,12.7,37,34.2,17,22.3,76.4,9.3,34.3,43.6,24.2,12.7,7,4.6,4.9,20.4,20.4,106.6,110.2,34.6,74,7,4.9,15.4,12.3,11.3,43.2,2021-2022
Oklahoma City Thunder,82,24,58,48.3,58.1,41.9,50.6,5.4,35,10.3,14.5,14.4,45.2,46.6,53.4,82.8,17.2,58,42,41.4,90.5,45.8,13.6,38.7,35.3,15.3,19.9,77.1,11,37.3,48.4,26.1,13.2,8.5,6,4.6,17.8,18.3,111.8,111.7,35.2,72.7,7.6,4.6,16.5,13.9,10.7,47.7,2021-2022
Orlando Magic,82,22,60,48.2,58.3,41.7,50.1,6.5,35.1,10.4,14.9,13.6,43.6,49.9,50.1,88,12,62,38,40.8,89,45.8,13.2,36.3,36.3,17.4,22.6,77.2,10.4,36.8,47.1,24.8,13.2,8,5.2,4.5,18.3,19.7,112.2,112.1,35.2,73.5,6.8,4.5,16.8,13.4,12.2,44.5,2021-2022
Philadelphia 76ers,82,51,31,48.3,62.4,37.6,50.6,9.7,31.6,11.1,17.8,14.3,40.9,50.5,49.5,83.5,16.5,60.2,39.8,39.7,86.5,45.8,11.4,32.8,34.6,16.6,21.6,76.9,10.2,34,44.2,23.6,13.3,6.6,4.6,5.3,19.4,19.4,107.3,110.2,33.8,72.4,7.7,5.3,14.9,13,15,46.7,2021-2022
Phoenix Suns,82,64,18,48.1,64.6,35.4,55.9,12.5,30.3,10.9,13.8,15.7,43.3,55.2,44.8,83.2,16.8,62.7,37.3,39.2,88.3,44.4,11.6,34.2,34,17.3,22.7,76.1,10.5,33.9,44.5,22.9,14.7,7.5,4,4.4,18.9,19.9,107.3,106.8,35.5,72.8,8.6,4.4,14.8,13.6,11.3,45.2,2021-2022
Portland Trail Blazers,82,27,55,48.1,57.8,42.2,48.6,7.4,35.9,11.7,15.5,15.6,41.3,50,50,78.7,21.3,59.5,40.5,41.1,85.9,47.9,13.8,37.1,37.1,19.1,24.6,77.7,9.8,35,44.7,26.6,14,8.2,5,4.5,19.4,21.1,115.1,116.3,32.5,72.1,8,4.5,17.5,13,14.3,47.5,2021-2022
Sacramento Kings,82,30,52,48.3,62.3,37.7,52.7,8.3,31.1,10.6,16.2,14.7,44.4,49.8,50.2,80.7,19.3,58.5,41.5,43.4,90.6,47.9,13,34.9,37.2,15.9,20.5,77.6,10.6,35.3,45.8,25.3,13.5,8.1,4.8,4.5,20.3,18.9,115.8,114.8,33.4,71.4,7.2,4.5,17.9,14.8,13.4,51.4,2021-2022
San Antonio Spurs,82,34,48,48.3,65.5,34.5,56.5,9.4,29.9,12,13.6,14.6,47.1,55.1,44.9,91.2,8.8,64.6,35.4,42.5,91.2,46.6,12.1,33.6,36,16,20.9,76.7,11.4,35.4,46.8,24,13.8,7.3,4.9,4.9,18.9,18.1,113,111.7,34.3,71.1,7.6,4.9,15.3,14.9,11.8,50.2,2021-2022
Toronto Raptors,82,48,34,48.4,62.5,37.5,52.5,9.4,32.7,14.5,14.8,17.3,43.1,43.4,56.6,80.4,19.6,54.3,45.7,39,84.4,46.2,12.4,34.9,35.4,16.8,21.2,78.9,10.3,33.7,44,25.3,15.8,6.7,5.1,4.6,19.1,19.6,107.1,109.9,32,71.4,9,4.6,14.3,13.9,11.7,45.1,2021-2022
Utah Jazz,82,49,33,48.1,53.2,46.8,45.8,3.7,38.4,8.9,15.8,13,42.1,45.4,54.6,72.7,27.3,55.2,44.8,40.4,89.2,45.3,12.1,34.6,35,14.6,19.3,75.8,9.9,31.7,41.6,23.4,12,7.8,4.3,4.9,20.3,18.9,107.6,110,35.6,73.8,7.2,4.9,16.5,12.9,11.9,45.3,2021-2022
Washington Wizards,82,35,47,48.4,64.4,35.6,55.4,10.2,29,9,15.6,12.9,45.2,53.2,46.8,86,14,61.7,38.3,41.3,88.9,46.4,11.5,31.8,36.1,18,22.3,80.7,10.2,34,44.2,23.7,11.9,7.3,4.2,5,19.9,18.8,112,113.6,34.1,73.1,6.4,5,15.4,12.6,9.4,48.2,2021-2022
Atlanta Hawks,82,41,41,48.4,66.9,33.1,57.2,11.3,27.2,11.3,15.6,14.4,45.8,49.5,50.5,76.5,23.5,56,44,43.8,90.2,48.6,11.9,33.5,35.6,18.6,23.2,80.3,10.6,33.5,44.1,26,14.2,7.5,5,4.9,19.7,18.8,118.1,115.4,33.2,71.7,7.1,4.9,15.7,14.1,15.4,54.7,2022-2023
Boston Celtics,82,57,25,48.7,52,48,44.4,5,40.8,11.8,14.8,13.5,39.3,51.3,48.7,82.5,17.5,63.2,36.8,41.8,90.2,46.3,11.6,33.7,34.5,16.2,21.1,76.9,9.7,34.3,44,23.1,12.7,6.6,3.9,5.2,19.1,18.8,111.4,110.6,35.6,74.6,6.4,5.2,15.4,12.7,13.2,48.9,2022-2023
Brooklyn Nets,82,45,37,48.1,60.3,39.7,50.6,11.7,33.8,13,15.6,14.5,38.8,52.5,47.5,82,18,61.6,38.4,41,88.5,46.3,11.8,32.2,36.7,18.7,24.4,76.7,11.5,33.6,45.1,23.4,13.7,7,3.9,6.2,18.5,21.1,112.5,113.5,32.3,68.9,7.1,6.2,16.8,14.6,13.3,50.1,2022-2023
Charlotte Hornets,82,27,55,48.4,64,36,55,7.2,29.1,13.8,15.9,15.6,47.8,53.6,46.4,81.7,18.3,60.9,39.1,43,90.1,47.7,12.2,34.3,35.7,19,24,79.5,10.9,35.3,46.2,25.9,14.4,7,5.7,5.2,20.3,20.3,117.2,114.7,33.5,71.7,7.7,5.2,16.9,14.3,12.2,52.8,2022-2023
Chicago Bulls,82,40,42,48.5,66.7,33.3,56.8,14,27.6,12.3,15.6,16.2,42.8,47.4,52.6,88.6,11.4,57.5,42.5,40.7,87.1,46.8,13.2,37.1,35.7,17.1,22,77.9,9.6,33.7,43.3,26,15,6.7,4.7,4.5,18.7,18.9,111.8,111.5,33.9,73.6,7.9,4.5,15.6,11.9,12.9,46.9,2022-2023
Cleveland Cavaliers,82,51,31,48.5,62.9,37.1,53.4,6.4,31,11.3,15.6,17.3,47,55.1,44.9,72.6,27.4,60,40,39,83.5,46.8,11.3,30.6,36.8,17.5,22.4,78.2,9.8,31.5,41.2,23,15.7,7,4.4,4.7,20.4,19,106.9,109.9,31.4,71.5,7.1,4.7,15.5,12.1,12.7,46.3,2022-2023
Dallas Mavericks,82,38,44,48.6,51.3,48.7,43.5,6,39.9,9.7,16.6,14,37.5,44.8,55.2,77.6,22.4,57.3,42.7,41.8,86.2,48.5,11.1,31.7,35.2,19.5,25,78.1,10.1,34.6,44.7,24.9,13.1,6.4,3.8,3.7,21.8,20.7,114.1,116.1,31.2,71.7,6.3,3.7,15,14.5,13.3,51.1,2022-2023
Denver Nuggets,82,53,29,48.2,63.9,36.1,54.9,7.3,30.6,14,14.5,13.7,47.5,60.4,39.6,81.9,18.1,66.3,33.7,41.7,87.4,47.8,11.4,33.1,34.4,17.6,22.7,77.5,10.1,30.7,40.8,25.7,13.5,7.9,4.2,4.5,19.5,18.6,112.5,113.5,32.9,72.7,7.5,4.5,17.4,13.4,13.7,52.5,2022-2023
Detroit Pistons,82,17,65,48.3,62.8,37.2,51.1,8.9,31,10.6,17.9,14.5,42.2,47.5,52.5,84.3,15.7,58.1,41.9,43.1,88.1,48.9,12,33.3,36,20.4,26.2,77.7,11,33.7,44.7,25.8,13.5,7.7,5.5,3.8,21,22.1,118.5,117.8,31.3,70.2,7,3.8,18.1,14.8,13.5,54,2022-2023
Golden State Warriors,82,44,38,48.4,52.1,47.9,44.6,6.9,41.9,12.2,13.5,14.8,37.7,60.6,39.4,82.8,17.2,69.1,30.9,42.4,90.5,46.8,12.9,35.5,36.4,19.4,25.2,76.9,10.7,32.6,43.3,25.7,14.3,7.9,4,4,18.4,21.4,117.1,113.4,34.1,71.9,7.2,4,19.4,13.3,14.1,49.8,2022-2023
Houston Rockets,82,22,60,48.2,64.1,35.9,54.5,4.9,28.3,11.7,17.3,14.1,49.5,47.7,52.3,76.6,23.4,55.1,44.9,42.4,88.1,48.2,14.5,38.8,37.4,19.2,24.2,79.4,10.5,31,41.5,26.1,13.2,8.8,6.2,4.6,20.6,20.5,118.6,118.6,32.9,72.9,7.3,4.6,20.6,13,17.5,49,2022-2023
Indiana Pacers,82,35,47,48.2,58.7,41.3,48.9,6.3,35,15.5,16.1,14.8,42.6,55.4,44.6,82.7,17.3,64.3,35.7,43.3,89.3,48.5,12.4,33.3,37.3,20.5,25.6,80,12.1,33.2,45.3,26.4,15.1,7.9,5.3,5.8,20.2,21.2,119.5,117.1,31.4,68.5,7.7,5.8,18.4,15.4,15,53.7,2022-2023
LA Clippers,82,44,38,48.4,61.3,38.7,50,9.9,33.5,11.4,16.5,14.1,40.1,46.7,53.3,83.8,16.2,58.1,41.9,41.8,88.3,47.4,12.2,33.4,36.5,17.2,22.3,77.1,10.2,32.9,43.1,25,13,7.8,4.2,4.4,19.6,19.5,113.1,113.6,33.4,73.1,7.1,4.4,18.1,13.3,14.6,51.1,2022-2023
Los Angeles Lakers,82,43,39,48.5,64.9,35.1,54.8,8.2,27.6,14.3,17.6,12,46.5,50.2,49.8,84.9,15.1,58.9,41.1,44,93.9,46.9,12.5,36.5,34.4,16.1,20.8,77.3,11.1,33.8,44.9,25.7,12.6,7.6,5.1,4.6,21.5,17.9,116.6,113.2,35.7,72.7,6.4,4.6,17,13.9,15.4,52.8,2022-2023
Memphis Grizzlies,82,51,31,48.2,62.8,37.2,54.2,4.3,30.8,15.4,14.9,15.1,49.9,50.4,49.6,83.7,16.3,59.6,40.4,40.7,89.8,45.3,13,36.6,35.5,18.5,23.5,78.7,11,33.4,44.4,26.4,15.1,6.8,5.2,5.8,20,20,113,110.7,34.6,71.1,8.3,5.8,15.6,14.5,13.8,47.5,2022-2023
Miami Heat,82,44,38,48.3,59.2,40.8,49.8,7.4,32.8,10.5,17.5,16.6,42.4,51.7,48.3,81.6,18.4,60.8,39.2,40.1,83.2,48.2,13.1,35.8,36.7,16.5,21.1,78.1,8.9,33,41.8,25.6,15.7,7,3.8,3,20,18.5,109.8,112.8,30.9,73.3,8,3,15.9,12,12.5,46.2,2022-2023
Milwaukee Bucks,82,58,24,48.4,55.4,44.6,47.7,8.4,38.1,11.2,14.2,11.7,39.3,48.9,51.1,81.9,18.1,60.4,39.6,42.5,93.2,45.6,12.1,34.1,35.4,16.3,21,77.6,10.7,33.5,44.2,23.9,11.8,7,3.9,4.9,19,18.1,113.3,110.9,37.5,74.5,6.4,4.9,16.5,13.4,13,49.6,2022-2023
Minnesota Timberwolves,82,42,40,48.4,61.9,38.1,53,6.2,31.5,12.7,15.5,15.5,46.9,53.9,46.1,79,21,61,39,41.8,88.7,47.1,12.3,33.3,36.9,19.9,26,76.6,11.3,33.3,44.7,25,15.4,8.2,4.1,5.4,20.2,21.6,115.8,113.1,32.8,70.3,8,5.4,17.7,13.7,14.4,50.8,2022-2023
New Orleans Pelicans,82,42,40,48.4,65.6,34.4,54.3,7.7,28.8,12.9,16.9,15.9,46.7,51.7,48.3,89.4,10.6,61.6,38.4,40.9,86.6,47.2,12.2,36,33.9,18.4,23.6,77.9,9.7,32.1,41.8,24.9,15,7.3,4.7,4.1,20.4,20.5,112.5,112,33.1,73.2,8.3,4.1,18,13.4,13.9,49.5,2022-2023
New York Knicks,82,47,35,48.7,60,40,50.6,5.7,32.7,11,16.7,13.5,44.9,42.8,57.2,82,18,54.6,45.4,40.8,88.2,46.2,13,36.5,35.7,18.5,23.7,78.2,10.1,31.9,42,25.1,12.7,6,4.5,4.1,20.7,20.3,113.1,114.2,34,72.7,6.4,4.1,15.3,13.3,12.7,45.9,2022-2023
Oklahoma City Thunder,82,40,42,48.4,63.1,36.9,52.7,5.7,31,12.4,16.3,17.6,47,44.4,55.6,87.9,12.1,56.7,43.3,41.9,88.4,47.4,12.9,36,35.8,19.6,25.5,77.1,12,34.6,46.6,25.9,16.8,7,5.5,4.2,20.4,21,116.4,113.2,32.3,69.3,8.2,4.2,14.8,15.5,11.9,50.7,2022-2023
Orlando Magic,82,34,48,48.2,63.9,36.1,53.4,8.5,29,11.5,17.6,15.7,44.9,47,53,85.8,14.2,57.4,42.6,41.3,86.9,47.6,13,37,35.1,18.3,23,79.6,9.5,32.5,42,25.9,14.7,7.7,5.1,4.7,20.5,20.1,114,113.7,33.1,73,7.4,4.7,18.2,13.5,14.4,47.6,2022-2023
Philadelphia 76ers,82,54,28,48.5,61.1,38.9,48.9,7.4,32.9,12.8,18.2,15.3,41.5,52.5,47.5,82,18,61.6,38.4,40.4,85.4,47.3,11.6,33.4,34.8,18.5,23.7,78.1,9.5,31.6,41.2,24.2,14.3,6.6,4.6,4.7,19.6,20.4,110.9,112.7,32.2,72.1,7.7,4.7,16.5,12.7,15.5,48.1,2022-2023
Phoenix Suns,82,45,37,48.2,63.8,36.2,52.6,12.1,32.2,9.3,15.2,15.1,40.5,56.2,43.8,85.6,14.4,64.7,35.3,40,85.9,46.6,11.4,32,35.7,20.1,25.6,78.6,10.2,32.6,42.9,23.4,14.4,7.2,4,5.3,19.9,21.2,111.6,112.3,32.4,71.4,7.1,5.3,16.1,13.9,13.2,48.6,2022-2023
Portland Trail Blazers,82,33,49,48.1,58.7,41.3,48.6,6.6,34.1,12.5,17.3,14.4,42.1,50.9,49.1,78.6,21.4,59.7,40.3,43,87.5,49.1,12.5,33.1,37.9,19,24.1,78.7,10.5,32.8,43.2,27,13.5,7.8,4.3,4.6,20.5,20,117.4,118,31.1,70.9,6.7,4.6,17.8,13.6,15.3,53.3,2022-2023
Sacramento Kings,82,48,34,48.4,57.7,42.3,49.4,6.1,34.2,12.4,16.4,14.5,43.3,50.5,49.5,88.8,11.2,62.6,37.4,43.8,88.9,49.2,12.5,33.4,37.3,18.1,23,78.7,9.7,32.5,42.2,26.7,14.2,7.3,4.2,3.4,20.9,19.7,118.1,116,32.9,73.1,7,3.4,16.3,12.7,11.5,53.5,2022-2023
San Antonio Spurs,82,22,60,48.4,65.2,34.8,56.6,7.4,29.5,11.9,13.9,13.9,49.2,53,47,92.4,7.6,63.2,36.8,46.1,91,50.7,12.6,32.3,39.1,18.2,23.7,77,10.7,34.3,45,26.8,13.8,8.1,5.3,3.9,18.5,19.9,123.1,119.6,31.9,70.9,7,3.9,19,14.7,15.3,56.7,2022-2023
Toronto Raptors,82,41,41,48.3,64.9,35.1,55.2,8.3,28.5,15.8,16.3,18.6,46.9,48.2,51.8,83,17,57.1,42.9,40.4,82.3,49.1,12.2,32.6,37.4,18.4,23.1,79.7,9.2,33,42.3,26.2,16.7,6,4.6,5.2,19.6,20,111.4,113.1,30.3,72.1,9.4,5.2,14.5,11.4,15.1,49.1,2022-2023
Utah Jazz,82,37,45,48.3,57.9,42.1,49.8,4.4,34.2,10.2,16,13,45.4,50,50,85.4,14.6,61.1,38.9,43.4,91.6,47.3,12.5,34.5,36.1,18.8,24.3,77.6,11.2,32.2,43.5,25,12.6,7.8,4.9,5.2,20.5,20.5,118,116,34.1,71.1,6.1,5.2,18.7,15.2,16.8,53,2022-2023
Washington Wizards,82,35,47,48.2,63.5,36.5,54.6,9.3,29.9,10.5,15.5,13.1,45.3,50.8,49.2,86.2,13.8,60.3,39.7,42.5,89.8,47.3,12,32.8,36.6,17.5,21.9,79.8,10.8,32.3,43,24.8,12.3,7.1,5,5.2,19.4,18.8,114.4,114.9,34.2,72.4,6.8,5.2,17,14.3,13.7,51.5,2022-2023
Atlanta Hawks,82,36,46,48.4,59.2,40.8,49.6,7.1,34.8,11.3,15.7,14.5,42.4,53.7,46.3,79.1,20.9,61.8,38.2,44.6,90.2,49.5,14,36.4,38.4,17.3,21.8,79.2,10.6,33.6,44.2,28.2,14.1,7.8,5.6,4.5,19.4,18.6,120.5,118.4,32.2,71.7,7.5,4.5,16.7,13.7,16.6,53.7,2023-2024
Boston Celtics,82,64,18,48.4,52.9,47.1,45.5,6.5,41,12.7,13.5,12.8,39,50.3,49.7,79.6,20.4,61.3,38.7,41.5,91.6,45.3,12.9,36.7,35.2,13.3,17.3,76.8,11.1,32.3,43.3,24.9,12,6.2,3.7,6.6,17.3,16.2,109.2,110.6,35.6,72.6,6.8,6.6,13.3,13.6,13,47.7,2023-2024
Brooklyn Nets,82,32,50,48.3,58.8,41.2,49.6,6.5,36.1,12,14.3,13.5,43.1,52.7,47.3,84.4,15.6,63,37,41.6,88.5,47,13,34.9,37.2,17.1,21.2,80.7,10.3,34,44.3,25.5,12.6,6.9,5,5.2,18.2,18.5,113.3,115.4,32.6,71.5,6.8,5.2,15.4,14,15.6,48.3,2023-2024
Charlotte Hornets,82,21,61,48.1,60.9,39.1,52.4,7.5,33.9,11.7,13.6,14.3,44.9,52.5,47.5,83.9,16.1,62,38,43.4,87.7,49.4,13.6,36.2,37.7,16.5,20.7,79.6,10.6,34.8,45.4,28.7,13.6,7.1,4.8,4.5,17.5,18,116.8,119.2,31,70.9,6.9,4.5,17.1,14.1,13.8,52.5,2023-2024
Chicago Bulls,82,39,43,48.7,64.2,35.8,54.5,11.4,30.7,11.1,14.9,15.3,43.1,48.8,51.2,87.6,12.4,59.4,40.6,41.1,87,47.3,14.6,39.5,37,16.9,21.8,77.6,10.1,33.3,43.4,27.9,14,6.8,4.9,4.8,18.8,18.8,113.7,115.7,32.6,71.7,7.8,4.8,15.2,13.8,13.3,45.4,2023-2024
Cleveland Cavaliers,82,48,34,48.3,57.8,42.2,50.2,5.7,36,13.1,13.8,14.7,44.5,58.9,41.1,84.4,15.6,67.1,32.9,40.5,87.5,46.3,12.5,33.8,37.1,16.6,21,79.1,10,32.6,42.7,25.3,13.6,7.7,5,4.6,18.7,17.5,110.2,112.1,33.4,72.1,7.4,4.6,17.4,12.9,14.3,46.5,2023-2024
Dallas Mavericks,82,50,32,48.1,55.9,44.1,48.4,8.2,37.2,13.4,14.5,14,40.2,52.4,47.6,73.5,26.5,59.6,40.4,43,90.4,47.5,13.1,35.6,36.8,16.6,21.6,77,10.9,34.1,45.1,27.5,13.7,7.4,4,5,20.3,18.3,115.6,114.9,33.2,71.1,6.9,5,15.1,14.3,15.7,51,2023-2024
Denver Nuggets,82,57,25,48.1,64.8,35.2,56.3,9.7,30.5,12.4,13.2,13.5,46.6,59.8,40.2,86.4,13.6,66.9,33.1,40.6,87.9,46.2,11.2,31.5,35.5,17.1,22.2,77.2,10.9,31.4,42.3,25.7,12.4,7,4.8,5.6,17.9,18.2,109.6,112.3,33.7,71.8,7.1,5.6,15.9,13.2,13.5,50.3,2023-2024
Detroit Pistons,82,14,68,48.2,64,36,54.3,8.8,30.2,13,15.5,13.2,45.5,54.1,45.9,84.4,15.6,62.3,37.7,43.6,89,49,12.1,32.7,37,19.6,24.5,80,9.6,33.5,43.1,27,12.4,8.9,6,4.7,17.8,20.6,119,118,32.8,73,6.5,4.7,19.6,13.9,14.2,54.5,2023-2024
Golden State Warriors,82,46,36,48.4,57.5,42.5,49.1,7.8,37.6,10.6,13.3,13.7,41.3,59.9,40.1,81,19,67.1,32.9,42.1,90.4,46.6,13.3,37,35.9,17.7,22.4,78.8,10.9,32,42.9,26.7,13,7.7,5,4.6,17.9,19.5,115.2,114.5,34.6,72.5,7,4.6,17.2,13.4,14.9,49.7,2023-2024
Houston Rockets,82,41,41,48.4,60.3,39.7,50.8,7.1,33.4,13.8,15.8,14.3,43.7,51.2,48.8,78.1,21.9,59.4,40.6,40.8,88.1,46.3,12.3,35.4,34.8,19.3,25.2,76.7,10.7,34.2,44.9,24.4,13.8,7.3,5.9,4.6,19.6,20.8,113.2,112.8,34,72.2,7.8,4.6,14.9,13.8,11.7,48.7,2023-2024
Indiana Pacers,82,47,35,48.1,62,38,54.9,7.9,32.1,13.4,13,14.4,47,57.6,42.4,85.5,14.5,65.4,34.6,44.5,89.8,49.6,10.7,29.3,36.5,20.5,26,78.7,11,32.4,43.4,24.6,13.9,6.6,5.4,5.9,18.3,21.4,120.2,117.6,31.4,70,7.7,5.9,15.8,14.8,13.7,58.4,2023-2024
LA Clippers,82,51,31,48.1,61.7,38.3,51.4,7.8,32.8,12.8,15.8,14,43.6,54.4,45.6,74.4,25.6,60.4,39.6,41.6,88.9,46.8,12.9,35.4,36.3,16.2,21,77.5,11.1,31.1,42.2,26.4,13,7.3,4.7,5,18.7,18.5,112.3,114.6,32.9,70.5,7.8,5,15.7,14,14.9,49.7,2023-2024
Los Angeles Lakers,82,47,35,48.4,64.2,35.8,54,6.8,30,14.4,16,13.8,47.1,59.1,40.9,82.2,17.8,65.4,34.6,44.4,93.7,47.4,14.3,37.9,37.6,14.3,18,79.5,10.9,33.2,44,28.2,13.4,8.2,4.8,5.5,19.7,15.6,117.4,114.8,34.9,72.5,7.4,5.5,17,14.9,16.2,51.3,2023-2024
Memphis Grizzlies,82,27,55,48.2,57.2,42.8,47.8,4.3,37,11,15.2,16.4,43.5,52.6,47.4,87.3,12.7,64.4,35.6,41.2,86.9,47.4,13.4,35.4,37.8,17,21.8,77.9,10.7,35,45.6,26.6,15.1,8.1,6.5,6.1,18.8,19.1,112.8,113.7,31.7,70.6,8.2,6.1,18.5,14,15.1,48.1,2023-2024
Miami Heat,82,46,36,48.2,60.6,39.4,49.7,6.8,33.9,11.6,16.4,14.9,42.8,53.7,46.3,89.2,10.8,64.8,35.2,40.2,86,46.7,13,36.8,35.3,15,19.2,78,9.2,33.5,42.8,26.5,13.7,6.6,4.7,3.4,18.9,17.3,108.4,111.5,33,73.4,7.5,3.4,15.8,13.2,13,46.4,2023-2024
Milwaukee Bucks,82,49,33,48.3,57,43,48.7,9,35.8,10.7,15.5,12.2,39.6,50.4,49.6,84.1,15.9,61.5,38.5,43.2,91.9,47,12.6,35.3,35.6,17.4,21.5,80.7,10.3,33.7,44,26.5,12,7.1,4.2,5,19.2,19.2,116.4,115,34.8,73.1,6.8,5,15,13.7,13.6,51,2023-2024
Minnesota Timberwolves,82,56,26,48.3,61.6,38.4,50.6,5.7,33.6,11,15.8,15,44.9,54.7,45.3,86.9,13.1,64.6,35.4,39,86.8,45,11.4,32.3,35.4,17.1,21.9,78.1,10.3,31.2,41.4,24.5,14.2,7.5,4.5,6.1,19.9,18.8,106.5,108.4,34.2,72.5,7.9,6.1,16.3,12.7,13.2,46.1,2023-2024
New Orleans Pelicans,82,49,33,48.1,62.7,37.3,52.2,7.6,32.5,13.2,15.3,15.3,44.6,53.1,46.9,88.3,11.7,63.4,36.6,40.5,87.3,46.4,13.5,38.7,34.9,16.2,20.7,78.3,10.1,32.2,42.3,26.8,14.2,6.5,5.2,4.6,18.4,18.4,110.7,111.9,33.6,72.5,8.3,4.6,15.6,12.8,13.6,46.6,2023-2024
New York Knicks,82,50,32,48.1,59.6,40.4,49.8,6.4,35.1,13.1,15.1,14.8,43.4,47.4,52.6,83.7,16.3,59,41,40.3,85.7,47,12.5,34.3,36.5,15.1,19.8,76.4,10.2,30.4,40.6,25.6,13.2,6.7,5.3,4.1,19.1,17.6,108.2,112.4,32.5,72.9,7.5,4.1,14.9,12.3,13.8,46.9,2023-2024
Oklahoma City Thunder,82,57,25,48.3,61.7,38.3,52.1,8.3,33.2,13.1,14.7,17,43.7,48.7,51.3,89.4,10.6,60.9,39.1,40.6,89.3,45.5,13.4,37.2,36.1,18.1,22.9,78.9,11.8,32.9,44.7,26.9,15.7,7.1,5.1,6.6,18.9,18.8,112.7,111,33.2,69.8,8.5,6.6,14.8,15.3,12.5,47,2023-2024
Orlando Magic,82,47,35,48.2,63.1,36.9,53.3,6.4,29.9,11.3,16.8,16.8,46.9,50.9,49.1,87.9,12.1,61,39,39.8,84,47.4,11.5,32.1,35.8,17.3,22.2,78,8.9,30.9,39.9,23.9,15,8.1,4.6,5.2,20.9,19.7,108.4,110.8,31.8,73.7,8.2,5.2,16.4,12.1,14.5,47.5,2023-2024
Philadelphia 76ers,82,47,35,48.2,62.7,37.3,51.3,7.4,31.7,13.8,17,15.5,43.9,51,49,81.8,18.2,60,40,40.5,86.6,46.8,11.9,33.7,35.4,18.6,23.5,79.1,11,33.4,44.5,26.1,14.6,6.2,6.1,6,18.5,20.3,111.5,113,31.9,70.1,8.5,6,14.4,13.6,15.4,50.1,2023-2024
Phoenix Suns,82,49,33,48.2,62.2,37.8,51.7,11.3,32.1,11.4,16.2,13.6,40.4,54.3,45.7,86.4,13.6,63.7,36.3,42,90.6,46.4,13.1,36,36.4,16.1,20.8,77.4,11,30.4,41.3,26.3,12.7,8.4,4.5,6,19.7,18,113.2,113.7,33.9,71.4,7.4,6,18.2,14,14.4,49.7,2023-2024
Portland Trail Blazers,82,21,61,48.5,63,37,52.5,8.4,32.3,11.9,15.2,14.9,44,48.4,51.6,83.8,16.2,58.7,41.3,42.5,86.6,49.1,11.7,33.3,35.1,18.7,23.6,79.2,10.6,33.2,43.8,27.1,14.3,8.9,6.4,4.3,17.9,20.2,115.4,116.6,30.1,69.7,7.6,4.3,19.1,14.2,17,53.5,2023-2024
Sacramento Kings,82,46,36,48.4,56.8,43.2,49.7,6,37,12.3,13.3,14.1,43.6,54.3,45.7,87.9,12.1,65.4,34.6,41.6,86.8,48,13.1,33.8,38.7,18.5,23.1,80,9.1,33.4,42.5,26.9,13.9,7.4,4.5,4.2,18.3,19.9,114.8,114.4,33.2,74.4,7.6,4.2,16.5,10.9,11.8,48.9,2023-2024
San Antonio Spurs,82,22,60,48.4,59.9,40.1,52.3,6.4,33.8,13.9,13.9,13.7,45.9,62.5,37.5,91.4,8.6,71.2,28.8,44.9,92.3,48.7,12.7,34,37.3,16,20.5,78.4,10.5,34.8,45.3,28,13.4,8.9,4.6,6.3,17.9,17.2,118.6,115.6,33.9,72.1,7.1,6.3,18.6,14.2,14.5,54.8,2023-2024
Toronto Raptors,82,25,57,48.3,63.1,36.9,54.8,6.7,30.7,16.6,14.5,14.4,48.1,58.8,41.2,90.3,9.7,67.4,32.6,44.7,91.2,49.1,13.7,36.3,37.6,15.6,19.8,78.9,11.2,34,45.2,28.6,13.9,7.3,5.8,4.7,18.1,18.4,118.8,118.1,31.8,69.4,7.7,4.7,17.2,15.6,14.5,54.3,2023-2024
Utah Jazz,82,31,51,48.3,59.4,40.6,50.3,4.2,33.5,12,16.2,12.9,46.1,54.4,45.6,88.2,11.8,64.8,35.2,44.6,91.6,48.7,14.8,37.4,39.5,16.6,21.6,77.1,11,31.3,42.2,29.8,12.3,8.6,6.4,5.6,19.2,18.6,120.5,119.6,33.2,71.7,6.5,5.6,19.3,14.4,18.4,51.8,2023-2024
Washington Wizards,82,15,67,48.1,61.1,38.9,53.8,5.6,32.6,15.5,13.6,15.1,48.2,57.2,42.8,84.3,15.7,65,35,46.1,92.9,49.6,12.3,33.9,36.2,18.6,24,77.7,12.1,36.8,48.9,29,14,8,6,5.1,18,20,123,118.9,31.9,68.3,7.6,5.1,17.1,16.4,15.1,58.4,2023-2024